user_id;anime_id;rating
3;20;8
3;154;6
3;170;9
3;199;10
3;225;9
3;341;6
3;430;7
3;527;7
3;552;7
3;813;10
3;1119;7
3;1121;7
3;1122;7
3;1132;8
3;1292;6
3;1313;8
3;1526;7
3;1535;10
3;1564;7
3;1689;8
3;1764;6
3;1943;8
5;24;1
5;30;1
5;22;5
5;15;6
5;17;6
5;18;6
5;20;6
5;45;7
5;6;8
5;47;8
5;57;7
5;63;1
5;67;6
5;68;6
5;132;6
5;136;8
5;137;8
5;138;6
5;139;6
5;150;2
5;152;4
5;166;6
5;170;6
5;174;5
5;185;6
5;186;6
5;189;1
5;190;1
5;195;4
5;199;8
5;205;8
5;223;6
5;225;1
5;232;3
5;240;4
5;241;1
5;245;10
5;248;1
5;249;1
5;250;5
5;263;7
5;264;8
5;265;7
5;268;7
5;269;3
5;272;5
5;288;2
5;292;7
5;335;3
5;344;7
5;371;3
5;379;6
5;390;3
5;392;7
5;406;6
5;442;4
5;443;4
5;448;3
5;481;3
5;482;5
5;487;1
5;508;3
5;517;3
5;527;6
5;528;7
5;534;7
5;550;2
5;552;7
5;709;6
5;760;2
5;761;5
5;813;5
5;846;1
5;861;2
5;874;7
5;896;4
5;898;5
5;903;1
5;905;6
5;914;7
5;918;9
5;936;5
5;981;5
5;987;2
5;1117;7
5;1132;5
5;1138;5
5;1195;1
5;1210;4
5;1253;7
5;1254;7
5;1257;7
5;1313;6
5;1469;5
5;1535;4
5;1559;5
5;1564;5
5;1614;5
5;1668;2
5;1669;2
5;1674;5
5;1689;7
5;1764;6
5;1840;1
5;1887;3
5;1913;8
5;1956;2
7;22;7
7;31;9
7;32;9
7;30;10
7;59;7
7;64;8
7;65;7
7;111;8
7;121;8
7;136;8
7;139;7
7;170;9
7;210;9
7;223;9
7;225;7
7;232;8
7;245;8
7;249;8
7;270;9
7;339;9
7;357;8
7;407;8
7;435;8
7;482;9
7;508;7
7;530;8
7;532;8
7;534;9
7;535;8
7;552;9
7;568;8
7;740;8
7;813;9
7;849;7
7;934;9
7;996;8
7;1138;8
7;1172;8
7;1253;7
7;1254;8
7;1257;7
7;1259;7
7;1313;8
7;1535;9
7;1563;8
7;1575;9
7;1719;7
7;1887;8
7;1889;9
8;269;9
8;355;9
9;1887;8
11;30;5
11;43;7
11;44;7
11;59;7
11;61;4
11;104;9
11;120;6
11;121;7
11;122;6
11;143;7
11;149;5
11;164;8
11;177;7
11;199;10
11;202;9
11;232;6
11;243;4
11;249;9
11;338;10
11;357;7
11;416;10
11;430;6
11;431;8
11;440;10
11;441;9
11;449;6
11;450;7
11;451;6
11;452;9
11;497;7
11;512;5
11;513;9
11;522;7
11;523;8
11;528;7
11;530;7
11;531;7
11;532;7
11;543;6
11;565;6
11;572;7
11;578;10
11;589;9
11;597;7
11;687;4
11;723;7
11;740;7
11;759;8
11;790;8
11;853;7
11;855;6
11;879;7
11;934;8
11;996;7
11;997;7
11;1002;7
11;1032;8
11;1060;8
11;1117;9
11;1118;8
11;1239;7
11;1240;7
11;1709;6
11;1889;8
12;223;8
12;225;6
12;302;9
12;392;9
12;813;9
12;853;9
12;877;9
12;1535;10
12;1562;9
12;1575;10
14;133;6
14;135;8
14;177;8
14;392;8
14;433;9
14;587;8
14;969;7
14;1195;6
14;1689;9
14;1840;7
16;61;8
16;357;5
16;1222;9
16;1535;9
17;6;7
17;43;8
17;47;8
17;30;9
17;19;10
17;32;10
17;66;6
17;114;7
17;121;6
17;164;9
17;199;8
17;205;7
17;226;7
17;227;7
17;228;7
17;245;8
17;256;6
17;268;8
17;323;8
17;339;8
17;413;1
17;430;6
17;431;8
17;437;9
17;468;8
17;486;9
17;543;7
17;570;8
17;578;9
17;664;5
17;759;8
17;770;5
17;777;9
17;849;7
17;889;8
17;932;5
17;934;9
17;949;8
17;1002;8
17;1004;5
17;1033;7
17;1056;5
17;1210;8
17;1379;8
17;1530;8
17;1535;10
17;1575;8
17;1689;9
17;1852;7
17;1889;10
17;1943;7
18;64;9
18;65;9
18;199;9
18;317;10
18;431;10
18;523;8
18;687;9
18;853;8
18;877;10
18;1535;10
19;5;9
19;1;10
19;121;8
19;199;9
19;578;10
19;889;8
19;1033;7
19;1519;7
19;1535;5
19;1575;8
20;193;8
20;243;9
20;249;10
20;325;8
20;819;10
20;853;10
20;1639;9
21;20;8
21;1;9
21;5;9
21;31;9
21;30;10
21;32;10
21;64;8
21;97;8
21;136;8
21;143;5
21;164;9
21;166;7
21;199;10
21;223;7
21;225;6
21;226;8
21;227;9
21;228;8
21;240;9
21;249;8
21;270;9
21;317;7
21;356;8
21;417;4
21;431;9
21;432;8
21;437;10
21;440;8
21;441;8
21;457;10
21;481;7
21;482;3
21;513;9
21;523;9
21;552;8
21;572;9
21;777;8
21;813;8
21;853;8
21;874;6
21;877;9
21;889;9
21;934;8
21;1004;9
21;1132;4
21;1212;7
21;1313;6
21;1361;7
21;1519;9
21;1535;10
21;1575;9
21;1637;6
21;1889;9
21;1943;10
22;457;10
22;853;10
23;1;9
23;48;9
23;5;10
23;45;10
23;96;10
23;223;10
23;245;10
23;249;9
23;257;9
23;288;10
23;298;8
23;392;10
23;400;10
23;449;9
23;450;9
23;451;9
23;452;8
23;469;10
23;481;10
23;482;10
23;527;10
23;530;10
23;532;10
23;552;10
23;687;10
23;696;10
23;740;10
23;763;10
23;764;10
23;813;10
23;857;9
23;874;10
23;1132;10
23;1210;10
23;1239;10
23;1264;10
23;1313;10
23;1502;10
23;1668;10
23;1669;10
23;1675;10
23;1816;10
24;30;8
24;66;9
24;72;7
24;226;7
24;227;8
24;270;9
24;357;8
24;376;8
24;659;9
24;777;9
24;1593;9
24;1696;7
24;1887;7
25;1535;9
25;1575;10
27;356;8
27;479;7
27;1195;9
27;1535;8
27;1575;9
27;1604;9
27;1840;10
28;20;9
28;226;9
28;392;10
29;30;9
29;114;10
29;121;8
29;143;7
29;199;10
29;223;10
29;225;4
29;226;4
29;232;7
29;249;8
29;270;6
29;288;8
29;339;10
29;392;9
29;481;10
29;482;7
29;502;6
29;527;8
29;530;7
29;543;10
29;552;10
29;731;10
29;788;2
29;813;7
29;827;6
29;855;9
29;859;4
29;874;8
29;891;7
29;892;8
29;893;6
29;894;4
29;895;7
29;896;8
29;897;6
29;898;8
29;899;7
29;900;8
29;901;9
29;902;8
29;903;8
29;904;6
29;905;7
29;906;10
29;934;7
29;972;7
29;984;7
29;985;9
29;986;10
29;987;3
29;1132;9
29;1137;9
29;1138;8
29;1254;9
29;1313;6
29;1535;10
29;1668;7
29;1669;6
29;1689;10
29;1710;4
29;1726;6
29;1894;10
30;59;7
30;121;10
30;199;9
30;226;10
30;270;8
30;777;9
30;1535;8
31;15;7
31;356;7
31;523;7
31;1195;7
32;19;7
32;1;10
32;6;10
32;59;6
32;120;10
32;150;9
32;202;10
32;223;10
32;227;9
32;249;10
32;431;10
32;523;10
32;696;7
32;1535;9
32;1829;7
33;15;9
33;269;9
33;857;9
33;1535;10
33;1575;9
33;1686;8
34;1;7
34;32;8
34;20;9
34;30;9
34;147;8
34;225;9
34;269;10
34;390;9
34;392;9
34;813;10
34;1860;8
36;521;8
36;1691;9
37;164;8
37;199;10
37;226;6
37;849;10
37;1195;7
37;1840;8
38;20;6
38;47;7
38;30;10
38;32;10
38;71;3
38;72;1
38;121;6
38;174;4
38;193;5
38;205;7
38;226;9
38;269;8
38;355;8
38;356;6
38;413;1
38;587;9
38;777;10
38;889;8
38;918;7
38;934;9
38;1519;7
38;1535;6
38;1575;10
38;1686;6
38;1691;6
38;1726;6
38;1818;9
39;20;10
39;32;10
39;121;10
39;223;8
39;225;7
39;226;8
39;245;10
39;269;8
39;813;10
39;1535;10
39;1575;10
39;1604;10
39;1887;10
40;18;9
40;185;9
40;186;9
40;187;9
40;205;9
40;226;9
40;237;10
40;245;10
40;356;10
40;821;9
40;822;9
40;849;10
40;853;9
40;934;10
40;1210;7
40;1535;10
40;1689;7
40;1723;10
40;1889;10
41;6;9
41;20;10
41;269;8
41;481;9
41;482;8
41;550;9
41;813;6
41;857;10
41;1498;8
41;1559;9
41;1668;9
42;143;9
42;269;10
42;855;10
43;15;7
43;20;8
43;43;8
43;1;10
43;67;5
43;68;8
43;132;8
43;168;8
43;170;8
43;177;8
43;198;8
43;205;10
43;257;7
43;268;7
43;269;8
43;270;8
43;411;8
43;457;9
43;468;6
43;777;8
43;790;7
43;845;8
43;857;8
43;861;7
43;889;8
43;918;9
43;935;8
43;940;7
43;969;7
43;1195;6
43;1292;7
43;1482;8
43;1498;8
43;1559;8
43;1566;6
43;1575;4
43;1604;9
43;1723;6
43;1726;7
43;1818;8
43;1827;9
43;1840;6
43;1956;6
43;1965;6
44;30;8
44;121;8
44;199;10
44;202;9
44;256;6
44;269;9
44;270;7
44;430;6
44;431;9
44;853;7
44;878;8
44;934;7
44;953;9
44;1023;10
44;1482;5
44;1535;10
44;1575;8
44;1686;8
44;1889;7
45;120;8
45;121;8
45;430;7
45;853;10
45;1498;8
45;1571;9
45;1579;7
46;20;7
46;45;8
46;1;10
46;149;7
46;150;8
46;154;7
46;164;10
46;199;10
46;202;10
46;230;6
46;242;10
46;245;10
46;269;10
46;322;8
46;356;4
46;431;10
46;457;9
46;464;9
46;512;10
46;513;10
46;523;10
46;552;6
46;572;10
46;594;9
46;761;9
46;853;10
46;857;9
46;877;10
46;907;7
46;918;10
46;934;8
46;1004;8
46;1072;10
46;1074;8
46;1210;8
46;1222;8
46;1482;9
46;1532;4
46;1535;10
46;1575;10
46;1604;9
46;1686;8
46;1689;9
46;1818;7
46;1829;10
46;1912;5
47;120;10
47;199;10
47;325;4
47;431;9
47;523;10
47;530;9
47;532;8
47;740;9
47;849;8
47;853;10
47;996;9
47;1239;8
47;1575;9
47;1887;7
48;861;8
48;889;9
48;934;8
48;1519;9
48;1535;9
48;1571;8
48;1575;10
48;1889;8
48;1965;8
50;33;7
50;45;8
50;1;10
50;19;10
50;20;10
50;44;10
50;90;8
50;121;7
50;136;8
50;154;6
50;170;8
50;223;10
50;225;8
50;226;7
50;246;8
50;249;9
50;250;9
50;269;7
50;278;8
50;288;8
50;356;5
50;384;2
50;392;9
50;481;8
50;482;9
50;527;6
50;552;8
50;687;7
50;813;9
50;874;8
50;876;8
50;901;10
50;902;9
50;903;10
50;904;10
50;905;10
50;906;9
50;971;7
50;1132;8
50;1138;7
50;1195;8
50;1254;6
50;1313;7
50;1430;9
50;1482;8
50;1535;8
50;1575;9
50;1604;8
50;1669;7
50;1707;7
50;1744;8
50;1816;8
50;1894;9
51;25;7
51;45;8
51;5;9
51;6;9
51;30;9
51;1;10
51;19;10
51;33;10
51;43;10
51;44;10
51;57;10
51;67;7
51;71;9
51;72;9
51;73;9
51;97;8
51;114;9
51;121;10
51;164;10
51;165;9
51;167;8
51;199;10
51;202;10
51;205;8
51;226;6
51;227;10
51;237;10
51;239;9
51;240;8
51;245;8
51;323;10
51;339;9
51;387;9
51;431;10
51;433;9
51;437;10
51;457;9
51;467;10
51;468;10
51;486;9
51;512;9
51;572;9
51;578;9
51;585;10
51;597;7
51;759;10
51;777;9
51;790;9
51;801;10
51;849;8
51;853;8
51;877;10
51;889;9
51;953;6
51;1023;10
51;1033;10
51;1140;6
51;1210;9
51;1519;9
51;1530;8
51;1535;9
51;1575;10
51;1689;10
51;1818;8
51;1827;9
51;1829;5
51;1943;10
52;15;9
52;57;10
52;759;9
52;889;10
52;1519;10
52;1575;10
52;1604;10
52;1818;8
53;20;6
53;101;8
53;223;5
53;225;3
53;355;7
53;813;4
53;849;8
53;1195;8
53;1530;10
53;1535;7
53;1840;9
55;1;8
55;19;8
55;24;8
55;6;9
55;22;9
55;30;9
55;33;9
55;45;9
55;66;8
55;73;8
55;185;9
55;205;8
55;223;7
55;226;7
55;467;7
55;535;8
55;801;6
55;813;8
55;846;9
55;849;9
55;889;9
55;1519;9
55;1535;7
55;1594;7
56;263;10
56;270;8
56;813;10
56;1292;8
56;1726;6
57;59;8
57;120;10
57;249;10
57;853;8
57;1535;8
58;154;8
58;687;6
58;1535;10
58;1604;10
60;20;9
60;121;10
61;48;6
61;20;7
61;121;8
61;149;6
61;226;8
61;243;7
61;317;9
61;528;8
61;850;7
61;934;9
61;1117;9
61;1119;9
61;1361;8
61;1532;6
61;1726;8
61;1889;7
62;20;7
62;164;8
62;790;9
62;853;7
62;889;9
62;1519;8
62;1535;10
62;1826;5
63;850;9
63;853;8
64;64;9
64;853;9
64;1050;10
64;1281;8
64;1887;10
65;687;8
65;853;9
65;1221;8
66;48;9
66;59;9
66;60;6
66;61;9
66;121;8
66;202;6
66;228;6
66;269;10
66;412;5
66;664;7
66;762;10
66;908;7
66;1535;7
66;1594;7
66;1726;7
67;76;9
68;25;7
68;1;8
68;121;8
68;198;8
68;205;8
68;227;7
68;1535;9
68;1691;6
68;1696;7
69;1535;10
71;121;9
71;205;10
71;237;10
71;523;9
71;578;9
71;849;8
71;853;10
71;1121;9
71;1575;10
71;1579;7
71;1604;9
71;1731;9
71;1943;6
72;1;7
72;20;8
72;199;7
72;392;9
73;19;7
73;30;8
73;71;8
73;72;8
73;73;7
73;101;8
73;164;9
73;199;9
73;355;8
73;356;8
73;416;9
73;431;8
73;457;9
73;513;9
73;523;8
73;572;9
73;578;10
73;790;7
73;849;8
73;877;8
73;934;9
73;1195;7
73;1210;7
73;1222;8
73;1530;8
73;1535;8
73;1575;9
73;1689;8
73;1691;8
73;1818;8
73;1840;7
73;1889;9
74;329;9
74;967;10
74;1050;8
74;1356;10
74;1707;7
75;18;8
75;16;9
75;43;9
75;44;9
75;46;9
75;17;10
75;45;10
75;68;8
75;74;9
75;80;10
75;86;8
75;96;9
75;132;10
75;150;8
75;185;9
75;186;8
75;202;8
75;205;8
75;226;9
75;228;9
75;233;8
75;249;9
75;292;7
75;339;9
75;355;7
75;356;8
75;376;8
75;392;9
75;401;9
75;407;9
75;449;8
75;450;8
75;451;8
75;452;8
75;467;9
75;468;9
75;527;9
75;552;9
75;644;7
75;801;8
75;821;8
75;857;7
75;861;9
75;1023;7
75;1117;9
75;1119;9
75;1120;8
75;1122;8
75;1142;9
75;1236;8
75;1261;7
75;1281;8
75;1292;6
75;1535;10
75;1559;9
75;1562;9
75;1575;9
75;1594;8
75;1675;9
75;1691;8
75;1726;9
76;164;10
76;431;10
76;578;10
76;877;10
77;121;7
77;164;9
77;199;10
77;431;10
77;513;8
77;523;10
77;572;9
77;585;9
77;597;10
77;759;8
77;853;9
77;1210;9
77;1535;8
79;20;9
79;71;8
79;121;9
79;164;10
79;195;9
79;196;8
79;199;10
79;202;9
79;226;9
79;270;9
79;387;10
79;390;9
79;431;9
79;437;8
79;443;8
79;457;10
79;486;10
79;512;9
79;523;9
79;524;8
79;572;10
79;578;10
79;585;9
79;591;5
79;777;10
79;886;5
79;1140;10
79;1212;8
79;1222;7
79;1535;9
79;1571;8
79;1689;10
79;1749;5
80;20;9
80;1;10
80;30;10
80;32;10
80;121;8
80;134;9
80;164;10
80;199;10
80;210;8
80;223;9
80;226;10
80;249;8
80;268;8
80;269;10
80;288;9
80;376;8
80;430;8
80;431;10
80;449;7
80;450;7
80;451;7
80;452;7
80;481;8
80;513;10
80;523;10
80;527;9
80;528;10
80;552;8
80;790;10
80;813;10
80;1117;9
80;1118;9
80;1119;8
80;1120;7
80;1121;6
80;1122;6
80;1210;10
80;1292;10
80;1313;8
80;1469;6
80;1526;7
80;1535;10
80;1668;9
80;1669;9
80;1816;9
80;1894;8
81;1;8
81;6;8
81;121;8
81;226;5
81;227;5
81;269;7
81;437;7
81;731;10
81;777;9
81;853;10
81;1535;5
81;1575;9
81;1690;8
82;30;6
82;138;9
82;918;10
83;634;10
83;819;7
84;121;8
84;199;10
84;408;8
84;430;9
84;528;8
84;908;9
84;1117;10
84;1361;5
84;1535;9
85;223;10
85;356;8
85;481;10
85;527;10
85;777;10
85;1535;8
86;121;10
87;317;7
87;431;10
87;512;7
87;528;10
87;1535;10
87;1689;8
88;20;9
88;121;10
88;223;10
88;225;9
88;226;10
88;376;9
88;430;10
88;481;8
88;527;10
88;528;10
88;550;10
88;813;10
88;1117;10
88;1118;10
88;1119;9
88;1120;9
88;1121;9
88;1122;9
88;1210;9
88;1526;9
88;1535;10
88;1564;10
88;1894;10
91;1535;10
92;457;9
93;412;5
93;857;7
94;60;10
94;199;10
94;226;8
94;270;10
94;272;5
94;412;8
94;529;10
94;861;9
94;1177;6
94;1195;8
94;1571;8
94;1573;9
94;1840;8
95;20;7
95;43;8
95;164;9
95;185;6
95;186;6
95;187;6
95;199;10
95;237;8
95;245;7
95;355;8
95;408;8
95;416;10
95;430;9
95;431;10
95;512;10
95;523;10
95;528;6
95;572;7
95;578;10
95;585;9
95;589;9
95;597;10
95;743;7
95;777;10
95;915;8
95;1030;8
95;1117;6
95;1118;6
95;1210;10
95;1482;7
95;1689;8
95;1829;9
95;1887;10
96;20;10
96;241;9
96;487;8
96;853;9
97;20;6
97;6;8
97;226;7
97;249;7
97;269;9
97;270;9
97;550;5
97;813;9
97;1195;8
97;1412;7
97;1535;10
97;1575;9
97;1691;7
97;1818;8
98;66;10
98;74;8
98;103;6
98;120;7
98;242;9
98;355;9
98;849;9
98;853;9
98;918;9
98;957;10
98;1195;10
98;1535;10
98;1562;10
98;1575;9
98;1691;9
98;1698;8
98;1744;8
98;1887;10
98;1914;9
98;1953;9
99;20;5
99;43;7
99;47;7
99;30;10
99;32;10
99;101;6
99;121;8
99;189;4
99;199;9
99;205;7
99;225;3
99;226;4
99;227;7
99;232;7
99;256;6
99;288;2
99;339;7
99;356;5
99;372;6
99;384;5
99;417;4
99;430;5
99;437;7
99;442;2
99;481;5
99;523;7
99;527;5
99;528;5
99;538;5
99;552;5
99;578;7
99;696;5
99;813;6
99;849;7
99;896;3
99;1117;3
99;1210;6
99;1303;5
99;1313;5
99;1462;5
99;1530;7
99;1535;6
99;1564;3
99;1575;9
99;1689;9
99;1943;7
100;1281;10
101;20;10
101;269;10
102;30;7
102;24;8
102;48;8
102;45;10
102;66;8
102;71;7
102;72;7
102;73;7
102;79;7
102;98;6
102;99;7
102;121;6
102;145;5
102;166;7
102;167;8
102;169;5
102;189;7
102;190;7
102;199;9
102;202;7
102;205;7
102;226;6
102;237;8
102;355;8
102;356;8
102;357;7
102;371;6
102;431;9
102;534;8
102;846;8
102;849;8
102;934;9
102;1195;6
102;1559;8
102;1575;8
102;1840;5
102;1887;7
102;1889;9
103;6;7
103;1;8
103;30;9
103;32;9
103;114;7
103;227;10
104;50;7
104;20;9
104;61;6
104;72;9
104;93;9
104;94;6
104;121;7
104;169;6
104;226;10
104;237;5
104;269;7
104;298;2
104;355;8
104;356;6
104;384;7
104;845;9
104;857;9
104;889;7
104;940;5
104;1519;8
104;1535;10
104;1575;9
104;1691;8
105;24;9
105;59;5
105;121;10
105;228;7
105;241;7
105;276;6
105;481;8
105;487;7
105;550;7
105;846;9
105;934;8
105;974;9
105;1210;9
105;1535;10
105;1594;7
105;1889;9
106;199;9
106;339;5
106;523;7
106;578;7
106;850;5
106;1535;10
107;24;8
107;59;8
107;61;8
107;64;8
107;74;8
107;120;8
107;149;7
107;195;7
107;197;7
107;226;9
107;228;6
107;245;8
107;248;7
107;249;9
107;269;9
107;270;9
107;348;7
107;357;7
107;379;8
107;469;8
107;488;7
107;777;9
107;849;8
107;853;8
107;861;8
107;877;9
107;934;9
107;1195;8
107;1222;8
107;1482;8
107;1498;8
107;1516;7
107;1535;8
107;1579;8
107;1642;8
107;1688;7
107;1728;7
107;1838;9
107;1887;7
107;1889;8
108;6;6
108;20;6
108;44;7
108;45;7
108;53;6
108;57;8
108;59;7
108;60;7
108;61;9
108;68;7
108;90;6
108;121;6
108;132;8
108;133;5
108;136;7
108;137;7
108;147;9
108;150;7
108;177;7
108;189;7
108;202;8
108;226;7
108;245;9
108;263;9
108;267;7
108;270;6
108;355;6
108;389;8
108;587;9
108;807;5
108;813;7
108;845;8
108;857;8
108;889;8
108;918;8
108;940;5
108;969;7
108;1067;6
108;1195;9
108;1292;8
108;1482;9
108;1498;7
108;1519;8
108;1530;10
108;1535;9
108;1536;8
108;1559;7
108;1575;9
108;1606;8
108;1679;5
108;1691;7
108;1726;7
108;1818;7
108;1840;8
108;1860;7
108;1956;6
109;33;6
109;6;9
109;25;9
109;27;9
109;47;9
109;54;5
109;58;8
109;68;7
109;81;6
109;90;8
109;93;9
109;94;9
109;96;10
109;108;6
109;166;9
109;180;9
109;181;9
109;198;7
109;205;10
109;226;8
109;237;9
109;267;7
109;270;8
109;317;6
109;376;7
109;389;7
109;400;7
109;411;9
109;467;9
109;777;9
109;790;6
109;878;7
109;884;6
109;889;9
109;953;9
109;1140;6
109;1194;6
109;1292;7
109;1380;4
109;1682;6
109;1686;8
109;1691;10
109;1726;7
109;1810;5
109;1860;8
110;68;9
110;121;7
110;1535;10
110;1818;6
111;27;8
111;46;8
111;30;9
111;32;10
111;52;7
111;57;7
111;59;7
111;60;7
111;63;4
111;64;7
111;65;8
111;121;8
111;133;4
111;134;9
111;149;7
111;180;7
111;181;8
111;195;7
111;226;3
111;242;8
111;243;8
111;257;7
111;268;7
111;270;7
111;293;8
111;318;7
111;339;9
111;430;8
111;431;9
111;477;7
111;507;8
111;519;7
111;530;8
111;531;8
111;534;8
111;578;9
111;585;9
111;688;7
111;693;7
111;746;7
111;785;8
111;789;7
111;825;7
111;907;8
111;949;9
111;1161;7
111;1250;7
111;1535;7
111;1639;10
111;1689;9
111;1887;8
111;1956;7
112;20;10
112;101;10
112;120;10
112;142;9
112;154;9
112;226;9
112;249;10
112;269;10
112;317;10
112;408;10
112;719;10
112;746;6
112;747;7
112;957;9
112;1216;9
112;1217;5
112;1535;10
112;1691;8
112;1810;2
115;1943;10
116;20;10
116;226;6
116;270;10
116;855;5
116;1562;10
117;245;9
117;777;9
117;1535;9
118;20;7
118;19;9
118;59;6
118;121;7
118;226;8
118;227;7
118;357;8
118;513;9
118;523;8
118;578;8
118;849;6
118;850;5
118;853;9
118;1535;9
118;1562;7
118;1575;8
119;1808;10
120;24;7
120;59;6
120;62;8
120;68;9
120;71;8
120;72;7
120;73;7
120;101;10
120;120;7
120;149;8
120;189;6
120;205;7
120;226;10
120;227;7
120;260;7
120;270;7
120;291;8
120;379;3
120;390;8
120;391;9
120;419;8
120;713;10
120;777;9
120;846;7
120;849;8
120;853;8
120;974;5
120;1015;7
120;1535;9
120;1723;10
120;1726;8
120;1887;5
121;849;9
121;1535;10
122;6;9
122;68;9
122;71;10
122;72;10
122;73;8
122;121;8
122;204;9
122;226;8
122;430;8
122;534;8
122;535;8
122;667;7
122;857;8
122;1015;10
122;1045;8
122;1046;8
122;1172;8
122;1195;10
122;1210;8
122;1530;9
122;1546;8
122;1655;10
122;1840;10
123;45;8
123;16;9
123;133;5
123;149;7
123;154;7
123;205;7
123;270;7
123;322;7
123;341;6
123;389;6
123;433;7
123;437;5
123;457;10
123;530;6
123;634;6
123;665;7
123;724;5
123;741;6
123;746;6
123;770;5
123;790;9
123;850;6
123;853;7
123;877;5
123;974;5
123;1051;5
123;1102;4
123;1142;9
123;1192;6
123;1202;5
123;1216;5
123;1220;5
123;1532;6
123;1535;8
123;1576;6
123;1622;5
123;1639;5
123;1640;5
123;1655;3
123;1689;8
123;1698;9
123;1726;5
123;1731;7
123;1912;3
123;1977;5
124;20;7
124;68;7
124;121;5
124;269;8
124;392;9
124;479;8
124;1535;7
124;1575;8
124;1604;8
125;20;4
125;30;4
125;32;5
125;33;6
125;45;9
125;44;10
125;53;7
125;59;8
125;79;4
125;226;7
125;245;9
125;269;5
125;276;8
125;277;7
125;356;7
125;366;5
125;394;7
125;563;5
125;889;8
125;1016;7
125;1065;10
125;1453;9
125;1519;9
125;1535;9
125;1818;5
126;33;8
126;1;9
126;6;9
126;30;9
126;58;7
126;269;7
126;392;9
126;543;9
126;732;8
126;777;10
126;813;9
126;861;10
126;1051;7
126;1535;8
126;1562;10
126;1818;9
127;30;6
127;31;6
127;32;6
127;68;6
127;120;7
127;134;6
127;223;9
127;225;7
127;322;6
127;502;7
127;813;9
127;853;9
127;891;6
127;892;7
127;895;9
127;896;7
127;897;8
127;898;7
127;899;7
127;900;8
127;901;7
127;902;6
127;903;7
127;904;7
127;905;9
127;906;8
127;987;7
127;1482;6
127;1535;7
127;1575;6
127;1604;6
127;1887;5
128;16;8
128;20;8
128;30;8
128;6;9
128;45;9
128;48;9
128;57;10
128;66;9
128;121;10
128;150;8
128;199;10
128;205;9
128;227;10
128;268;9
128;298;9
128;299;9
128;431;10
128;442;7
128;454;8
128;457;10
128;459;7
128;460;8
128;461;7
128;462;9
128;463;9
128;464;8
128;465;8
128;523;10
128;527;8
128;530;8
128;532;7
128;659;8
128;740;7
128;853;10
128;861;9
128;873;9
128;996;7
128;1033;9
128;1142;8
128;1143;8
128;1239;7
128;1482;9
128;1487;8
128;1535;10
128;1564;7
128;1593;8
128;1689;9
128;1887;9
128;1943;10
128;1994;8
129;27;8
129;1;9
129;6;9
129;18;9
129;20;9
129;46;9
129;19;10
129;44;10
129;45;10
129;67;8
129;136;9
129;137;9
129;138;9
129;139;9
129;164;9
129;166;9
129;185;9
129;186;9
129;187;9
129;195;7
129;199;9
129;205;10
129;226;9
129;227;7
129;263;9
129;269;9
129;320;8
129;340;9
129;356;9
129;376;9
129;389;8
129;401;10
129;413;1
129;419;9
129;431;9
129;437;9
129;442;8
129;443;7
129;457;9
129;459;7
129;512;9
129;523;9
129;578;10
129;594;8
129;617;9
129;762;7
129;790;9
129;821;9
129;822;9
129;834;8
129;857;9
129;889;9
129;936;9
129;1109;7
129;1210;8
129;1292;8
129;1482;9
129;1519;9
129;1535;10
129;1536;8
129;1559;10
129;1575;10
129;1604;9
129;1686;7
129;1689;10
129;1691;8
129;1726;8
129;1818;8
129;1824;10
130;20;10
130;133;5
130;355;7
130;390;4
132;20;9
132;57;9
132;120;8
132;199;10
132;226;9
132;270;8
132;322;9
132;376;7
132;552;9
132;877;9
132;934;9
132;1313;8
132;1535;10
132;1689;9
132;1818;9
134;136;10
134;137;10
134;138;10
134;139;10
134;154;10
134;199;10
134;431;10
134;512;9
134;513;10
134;597;10
134;1029;6
134;1520;10
134;1604;10
135;53;7
135;59;8
135;147;4
135;193;7
135;394;7
135;469;7
135;576;6
135;1195;9
135;1530;6
135;1588;7
135;1698;8
135;1722;8
135;1840;9
136;269;8
137;121;8
137;481;5
138;48;6
138;269;9
138;457;9
139;48;8
139;5;9
139;30;9
139;32;9
139;33;9
139;47;9
139;1;10
139;19;10
139;43;10
139;68;7
139;164;8
139;199;8
139;205;9
139;207;7
139;226;4
139;227;7
139;239;9
139;256;6
139;269;7
139;326;7
139;339;8
139;356;7
139;369;8
139;384;6
139;395;6
139;431;8
139;440;9
139;457;8
139;467;8
139;514;8
139;530;7
139;531;8
139;532;9
139;543;7
139;552;8
139;572;8
139;586;7
139;665;7
139;740;8
139;759;9
139;770;7
139;777;8
139;790;9
139;849;6
139;885;8
139;934;7
139;949;8
139;974;7
139;996;9
139;997;7
139;1002;8
139;1004;7
139;1106;6
139;1143;7
139;1192;8
139;1210;10
139;1239;7
139;1240;7
139;1292;6
139;1313;8
139;1379;7
139;1412;7
139;1486;7
139;1487;7
139;1535;8
139;1575;7
139;1686;6
139;1818;8
139;1827;9
139;1889;7
139;1943;9
140;47;6
140;20;7
140;72;8
140;98;6
140;121;7
140;134;4
140;150;7
140;237;4
140;355;7
140;430;8
140;481;7
140;849;9
140;1535;7
140;1575;8
140;1894;5
141;1535;8
142;60;8
142;121;10
142;164;9
142;199;9
142;249;5
142;431;9
142;513;9
142;523;9
142;1482;8
142;1535;9
143;488;7
143;747;4
144;205;8
144;1195;7
144;1210;8
144;1689;10
146;552;8
146;859;6
146;874;9
146;1195;9
146;1313;7
146;1535;10
146;1840;9
147;30;9
147;120;8
147;164;10
147;199;10
147;227;9
147;249;10
147;317;10
147;431;10
147;469;7
147;512;9
147;513;10
147;523;10
147;578;10
147;597;10
147;849;10
147;853;10
148;30;6
148;20;8
148;81;8
148;170;9
148;225;7
148;263;9
148;264;8
148;265;7
148;269;7
148;356;6
148;384;8
148;395;8
148;479;7
148;481;10
148;552;10
148;627;8
148;813;10
148;857;6
148;859;9
148;874;9
148;918;9
148;1090;6
148;1091;6
148;1092;6
148;1132;6
148;1313;8
148;1535;9
148;1559;7
148;1575;8
148;1604;8
149;74;9
149;249;9
149;934;9
149;1535;10
150;1535;10
152;43;7
152;5;9
152;1;10
152;30;10
152;32;10
152;121;8
152;164;9
152;182;6
152;199;10
152;205;9
152;226;6
152;430;8
152;431;10
152;457;8
152;468;7
152;477;6
152;486;7
152;512;8
152;523;10
152;570;8
152;572;7
152;578;9
152;777;8
152;790;6
152;849;7
152;853;8
152;874;9
152;889;9
152;934;7
152;962;6
152;1281;10
152;1519;8
152;1575;8
152;1639;10
152;1689;7
152;1887;5
152;1889;7
152;1943;9
153;20;6
153;121;7
153;269;9
153;356;9
153;1691;8
154;106;8
154;120;9
154;150;8
154;853;10
154;1498;7
154;1562;9
154;1698;9
155;43;5
155;164;8
155;199;8
155;226;9
155;227;7
155;270;7
155;356;8
155;431;9
155;572;10
155;777;7
155;849;8
155;1195;7
155;1535;4
155;1575;8
156;527;7
158;30;8
158;48;8
158;43;9
158;59;7
158;60;9
158;63;6
158;71;9
158;121;9
158;134;6
158;164;9
158;167;7
158;174;7
158;182;9
158;199;9
158;202;9
158;223;6
158;225;7
158;226;9
158;257;8
158;317;9
158;356;9
158;384;7
158;385;7
158;395;8
158;405;9
158;430;9
158;467;9
158;468;8
158;527;5
158;552;9
158;578;8
158;777;7
158;849;9
158;874;8
158;934;10
158;935;7
158;1132;9
158;1482;8
158;1535;8
158;1575;10
159;6;7
159;20;7
159;45;7
159;60;7
159;61;8
159;74;7
159;96;8
159;100;6
159;101;7
159;104;7
159;120;7
159;121;7
159;122;7
159;123;7
159;132;9
159;161;8
159;164;8
159;189;6
159;199;8
159;202;7
159;246;8
159;317;8
159;325;8
159;392;8
159;419;8
159;430;8
159;431;7
159;476;8
159;479;7
159;482;8
159;534;8
159;721;7
159;738;8
159;845;7
159;853;7
159;907;7
159;940;7
159;1120;9
159;1127;7
159;1482;8
159;1509;7
159;1535;7
159;1536;8
159;1559;8
159;1575;7
159;1604;9
159;1691;7
159;1699;8
159;1810;7
160;6;7
160;25;7
160;26;7
160;7;8
160;1;9
160;5;9
160;16;9
160;19;9
160;24;9
160;31;9
160;47;9
160;30;10
160;32;10
160;43;10
160;51;8
160;52;8
160;59;8
160;61;8
160;66;9
160;67;9
160;76;7
160;79;7
160;93;9
160;101;9
160;102;8
160;129;9
160;130;8
160;131;8
160;134;9
160;136;8
160;137;8
160;138;8
160;139;8
160;143;8
160;144;8
160;147;8
160;149;8
160;150;7
160;155;9
160;156;9
160;157;7
160;158;9
160;164;10
160;165;8
160;174;8
160;177;9
160;180;7
160;181;7
160;185;8
160;199;10
160;202;8
160;226;9
160;227;8
160;228;8
160;232;9
160;237;8
160;243;8
160;245;10
160;249;8
160;251;8
160;256;8
160;270;7
160;281;7
160;298;8
160;300;8
160;322;9
160;323;9
160;325;9
160;339;9
160;355;9
160;357;9
160;365;7
160;371;9
160;372;8
160;376;9
160;405;7
160;412;8
160;416;9
160;425;8
160;431;10
160;433;9
160;437;9
160;439;8
160;444;9
160;457;9
160;467;9
160;468;10
160;469;6
160;477;10
160;497;8
160;507;7
160;512;9
160;513;9
160;514;9
160;517;8
160;523;10
160;527;8
160;528;9
160;534;9
160;535;8
160;536;9
160;543;7
160;553;8
160;570;7
160;572;10
160;578;10
160;585;9
160;586;8
160;595;9
160;596;7
160;601;9
160;610;8
160;644;8
160;656;8
160;658;9
160;659;8
160;667;7
160;704;7
160;713;9
160;719;8
160;732;7
160;746;7
160;756;7
160;777;9
160;785;7
160;790;9
160;801;9
160;807;8
160;846;9
160;849;9
160;850;7
160;855;7
160;861;8
160;867;8
160;868;8
160;869;8
160;875;8
160;877;9
160;885;8
160;889;9
160;907;7
160;916;7
160;934;9
160;962;10
160;969;8
160;974;9
160;1019;7
160;1020;7
160;1023;7
160;1043;9
160;1055;8
160;1066;7
160;1072;8
160;1078;8
160;1112;6
160;1117;8
160;1118;8
160;1119;8
160;1120;8
160;1121;8
160;1122;8
160;1142;9
160;1172;8
160;1192;9
160;1210;8
160;1222;8
160;1225;8
160;1311;7
160;1324;7
160;1482;8
160;1496;8
160;1519;9
160;1526;8
160;1530;8
160;1531;7
160;1532;8
160;1535;9
160;1566;9
160;1575;9
160;1593;8
160;1640;7
160;1654;7
160;1689;9
160;1698;9
160;1723;9
160;1729;7
160;1747;8
160;1815;7
160;1829;9
160;1836;7
160;1869;8
160;1887;8
160;1889;9
160;1890;8
160;1908;7
160;1943;9
160;1958;8
160;1965;8
161;136;9
161;249;8
163;32;6
163;30;7
163;1;8
163;6;8
163;25;8
163;33;8
163;20;9
163;71;7
163;73;7
163;120;8
163;121;8
163;202;7
163;225;5
163;245;7
163;269;7
163;270;7
163;284;7
163;356;8
163;509;8
163;528;7
163;813;8
163;853;8
163;889;8
163;901;7
163;986;5
163;1195;7
163;1519;8
163;1526;7
163;1535;9
163;1575;8
163;1604;8
163;1691;7
164;20;9
164;164;9
164;199;10
164;223;9
164;523;9
164;708;10
164;813;7
164;1685;10
165;32;7
165;30;8
165;28;10
165;44;10
165;45;10
165;64;9
165;65;9
165;72;10
165;136;10
165;137;10
165;138;10
165;139;10
165;154;5
165;164;10
165;199;9
165;202;10
165;210;9
165;212;6
165;245;10
165;249;9
165;256;7
165;387;10
165;392;10
165;430;8
165;431;10
165;433;7
165;477;10
165;513;10
165;521;9
165;523;10
165;530;8
165;532;7
165;572;10
165;578;9
165;601;7
165;604;10
165;620;10
165;713;8
165;740;7
165;785;7
165;882;5
165;883;6
165;996;7
165;1110;8
165;1278;7
165;1296;6
165;1362;6
165;1535;10
165;1681;10
165;1689;7
165;1719;10
165;1813;10
165;1829;6
165;1887;6
165;1913;10
166;20;6
166;30;6
166;22;7
166;71;8
166;72;5
166;73;8
166;90;7
166;93;9
166;94;9
166;96;7
166;223;7
166;237;6
166;269;9
166;355;7
166;356;8
166;392;7
166;813;7
166;889;7
166;1482;8
166;1519;7
166;1535;7
166;1575;10
166;1686;7
166;1691;8
166;1818;6
167;47;7
167;52;6
167;66;7
167;101;7
167;145;8
167;157;3
167;189;5
167;190;7
167;191;5
167;192;5
167;205;9
167;221;7
167;222;7
167;228;7
167;320;8
167;427;7
167;437;8
167;488;6
167;564;7
167;601;7
167;713;8
167;759;6
167;849;7
167;850;5
167;934;6
167;1033;8
167;1530;7
167;1546;6
167;1575;6
167;1619;6
167;1689;7
167;1732;6
167;1889;6
167;1943;7
168;6;10
168;109;9
168;120;9
168;121;9
168;198;9
168;226;9
168;853;9
168;935;9
168;1535;10
169;226;9
169;256;9
169;270;8
169;356;8
169;1004;8
169;1689;10
170;47;10
170;66;9
170;68;7
170;121;10
170;161;10
170;199;10
170;269;8
170;323;10
170;430;10
170;431;10
170;501;7
170;552;6
170;1195;10
170;1252;8
170;1482;2
170;1535;9
170;1604;3
170;1681;8
170;1686;6
170;1840;10
171;19;10
171;20;10
171;93;10
171;94;10
171;121;10
171;170;9
171;442;10
171;578;9
171;936;10
171;1535;10
171;1604;10
171;1689;9
173;1;7
173;47;9
173;20;10
173;43;10
173;164;7
173;199;7
173;226;10
173;269;8
173;431;9
173;433;8
173;437;8
173;513;8
173;523;8
173;572;7
173;813;7
173;934;8
173;1535;10
173;1575;8
173;1689;7
173;1889;9
175;1;10
175;164;8
175;199;8
175;227;8
175;323;10
175;431;9
175;790;8
176;30;10
176;32;10
177;27;6
177;6;8
177;30;8
177;7;9
177;20;9
177;33;9
177;60;7
177;71;6
177;121;9
177;164;8
177;169;8
177;205;5
177;269;8
177;317;9
177;356;9
177;405;8
177;430;8
177;469;8
177;527;8
177;552;6
177;578;10
177;777;5
177;790;9
177;849;8
177;853;9
177;889;9
177;1195;8
177;1313;6
177;1361;9
177;1519;9
177;1535;9
177;1571;7
177;1575;8
178;1;10
178;226;9
178;433;10
178;467;9
178;889;8
178;1535;8
178;1575;10
178;1689;10
179;20;6
179;30;10
179;31;10
179;32;10
179;61;10
179;66;10
179;104;10
179;120;10
179;121;10
179;147;9
179;149;4
179;164;10
179;199;10
179;339;9
179;431;10
179;437;10
179;578;10
179;585;10
179;597;10
179;853;8
179;877;9
179;1222;10
179;1535;10
179;1943;10
180;61;10
180;120;6
180;251;9
180;269;8
180;325;7
180;392;9
180;853;9
180;1575;10
180;1691;8
180;1699;7
181;226;10
181;1535;9
183;30;5
183;19;7
183;24;7
183;71;8
183;72;7
183;73;6
183;77;7
183;80;6
183;85;7
183;86;6
183;87;9
183;90;6
183;95;9
183;121;7
183;135;9
183;153;8
183;167;7
183;194;6
183;199;9
183;237;8
183;239;9
183;245;9
183;285;7
183;290;7
183;317;6
183;355;6
183;356;6
183;431;9
183;474;6
183;478;7
183;820;10
183;846;7
183;949;8
183;1002;6
183;1088;9
183;1089;9
183;1195;6
183;1210;8
183;1397;6
183;1535;9
183;1575;9
183;1689;7
183;1698;9
183;1915;7
184;687;9
185;1;6
185;20;7
185;45;7
185;48;7
185;59;7
185;106;8
185;120;9
185;121;8
185;123;7
185;164;10
185;189;8
185;195;7
185;199;10
185;202;8
185;210;7
185;226;8
185;227;7
185;243;7
185;245;7
185;249;9
185;270;8
185;330;7
185;356;8
185;408;9
185;419;7
185;426;7
185;431;10
185;512;10
185;523;10
185;553;9
185;589;9
185;853;7
185;877;7
185;1157;7
185;1535;9
185;1575;8
185;1686;9
185;1818;7
186;24;8
186;120;6
186;199;10
186;226;8
186;269;10
186;469;6
186;853;7
186;1535;10
186;1562;8
186;1601;7
186;1686;10
186;1691;6
186;1887;7
187;20;6
187;154;6
187;182;9
187;189;7
187;205;8
187;226;7
187;269;7
187;270;8
187;317;6
187;355;7
187;433;9
187;523;9
187;552;6
187;813;8
187;1132;5
187;1195;7
187;1361;5
187;1517;7
187;1535;8
187;1840;6
189;1;7
189;6;8
189;20;8
189;33;10
189;63;1
189;66;8
189;134;8
189;160;10
189;198;1
189;205;10
189;226;10
189;245;10
189;263;9
189;267;10
189;270;4
189;329;10
189;356;7
189;357;7
189;384;7
189;395;7
189;457;9
189;467;9
189;777;10
189;801;9
189;849;7
189;853;9
189;889;10
189;934;10
189;935;10
189;1025;7
189;1210;10
189;1292;10
189;1519;10
189;1530;6
189;1535;10
189;1575;8
189;1723;1
189;1818;9
189;1887;8
189;1889;10
190;6;8
190;20;9
190;19;10
190;45;10
190;121;7
190;225;7
190;226;8
190;269;8
190;392;10
190;430;7
190;442;5
190;459;5
190;460;5
190;461;6
190;462;6
190;463;6
190;464;7
190;465;6
190;481;8
190;482;6
190;813;8
190;882;7
190;883;7
190;889;9
190;894;6
190;895;6
190;896;6
190;897;6
190;898;6
190;899;6
190;900;7
190;901;9
190;902;7
190;903;7
190;904;5
190;905;7
190;906;6
190;936;4
190;985;9
190;986;7
190;987;6
190;1210;8
190;1519;9
190;1535;10
190;1686;9
190;1818;8
190;1894;6
191;20;7
191;1;8
191;6;8
191;121;9
191;199;8
191;205;7
191;223;9
191;225;7
191;245;10
191;270;8
191;355;8
191;416;8
191;481;7
191;777;9
191;813;9
191;849;7
191;894;7
191;895;7
191;896;7
191;897;8
191;898;8
191;899;8
191;900;8
191;901;7
191;902;8
191;903;8
191;904;8
191;905;8
191;906;8
191;1535;10
191;1575;9
191;1581;3
191;1887;9
192;564;7
192;667;6
192;688;7
192;721;8
192;853;9
192;1532;5
192;1579;7
192;1604;10
193;1;10
193;205;10
194;121;9
194;1535;9
194;1575;9
194;1606;7
195;20;7
196;20;7
196;43;7
196;120;7
196;135;9
196;164;9
196;199;10
196;205;10
196;207;7
196;227;5
196;240;8
196;254;8
196;416;9
196;457;10
196;468;7
196;489;8
196;513;8
196;523;9
196;565;7
196;570;6
196;572;9
196;578;8
196;597;8
196;731;8
196;1029;9
196;1030;8
196;1212;7
196;1279;7
196;1303;7
196;1430;7
196;1535;8
196;1829;6
197;47;6
197;392;10
197;878;7
197;1535;8
198;1689;10
199;20;9
199;180;9
199;181;9
199;849;9
199;1575;9
200;43;8
200;5;10
200;6;10
200;30;10
200;33;10
200;47;10
200;54;8
200;121;10
200;164;10
200;166;8
200;199;10
200;226;8
200;239;10
200;267;10
200;270;8
200;279;9
200;384;9
200;431;10
200;437;10
200;512;9
200;513;10
200;543;10
200;572;10
200;578;10
200;597;10
200;617;10
200;732;8
200;790;10
200;813;10
200;974;7
200;1535;10
200;1575;10
200;1829;10
201;64;8
201;65;8
201;97;9
201;100;8
201;101;9
201;122;7
201;142;9
201;154;8
201;164;10
201;174;8
201;199;10
201;202;9
201;204;7
201;228;9
201;249;7
201;387;9
201;391;8
201;431;10
201;435;9
201;442;10
201;445;7
201;448;8
201;514;7
201;521;7
201;523;10
201;530;7
201;534;8
201;535;8
201;543;8
201;552;10
201;603;7
201;687;7
201;732;9
201;760;9
201;854;9
201;934;7
201;936;10
201;1110;7
201;1172;8
201;1174;8
201;1192;9
201;1250;8
201;1408;7
201;1535;9
201;1563;9
201;1594;7
201;1688;7
201;1689;8
201;1719;7
201;1889;7
201;1954;9
201;1965;9
202;20;6
202;15;7
202;18;8
202;71;8
202;72;7
202;73;7
202;101;7
202;102;8
202;135;7
202;170;8
202;185;8
202;186;8
202;187;7
202;195;8
202;196;5
202;226;6
202;245;9
202;263;9
202;264;8
202;265;8
202;267;7
202;269;8
202;355;7
202;356;7
202;390;7
202;443;8
202;524;4
202;813;9
202;853;8
202;1195;7
202;1482;7
202;1530;6
202;1535;9
202;1559;8
202;1575;10
202;1604;7
202;1689;9
202;1691;9
202;1840;7
203;746;8
204;853;9
206;202;10
206;1023;10
208;47;4
208;43;6
208;6;7
208;185;9
208;225;4
208;300;5
208;317;7
208;537;7
208;568;10
208;813;8
208;849;10
208;979;6
208;998;9
208;1043;6
208;1361;5
208;1362;8
208;1943;9
209;1;6
209;30;6
209;20;9
209;164;9
209;199;7
209;226;9
209;578;9
209;1535;8
209;1575;8
209;1689;9
210;50;7
210;16;9
210;1;10
210;15;10
210;20;10
210;60;9
210;68;8
210;71;9
210;73;9
210;79;7
210;174;5
210;180;9
210;181;10
210;189;8
210;195;8
210;198;8
210;205;9
210;223;10
210;225;8
210;226;9
210;237;10
210;241;5
210;246;9
210;248;7
210;355;8
210;390;8
210;469;9
210;481;10
210;502;8
210;527;10
210;550;9
210;552;10
210;587;9
210;813;10
210;849;7
210;857;9
210;880;7
210;889;9
210;891;8
210;940;8
210;987;7
210;1086;9
210;1127;7
210;1195;9
210;1210;9
210;1218;7
210;1250;6
210;1313;7
210;1482;9
210;1519;9
210;1543;8
210;1559;10
210;1564;8
210;1565;8
210;1575;10
210;1581;7
210;1588;8
210;1604;10
210;1606;8
210;1691;8
210;1698;10
210;1710;9
210;1722;9
210;1816;8
210;1840;9
210;1965;7
211;106;7
211;164;7
211;199;9
211;813;7
211;849;6
211;877;10
211;1535;9
211;1575;9
211;1818;9
211;1887;7
213;61;8
213;120;9
213;154;10
213;226;10
213;243;8
213;249;9
213;427;10
213;527;10
213;940;9
213;1218;8
213;1535;10
213;1699;10
214;20;7
214;199;9
214;226;5
214;245;10
214;270;7
214;382;8
214;442;9
214;523;9
214;578;6
214;790;6
214;936;7
214;1535;9
214;1575;7
215;226;9
215;249;10
216;199;10
216;226;7
216;523;9
216;857;9
216;1535;8
216;1726;7
217;120;8
217;481;7
217;482;7
217;527;7
217;528;7
217;849;7
217;853;7
217;1117;7
217;1118;7
217;1119;7
217;1120;7
217;1121;7
217;1122;7
217;1526;7
217;1575;8
217;1887;7
217;1894;7
219;31;8
219;1;9
219;20;9
219;30;10
219;32;10
219;121;9
219;199;10
219;205;9
219;226;9
219;227;9
219;430;9
219;853;8
219;889;9
219;1210;9
219;1535;10
219;1639;7
219;1689;10
219;1889;10
220;20;10
220;120;10
220;121;10
220;223;10
220;247;9
220;249;10
222;195;8
222;443;7
224;43;9
224;1;10
224;164;10
224;199;9
224;205;9
224;226;8
224;431;8
224;437;9
224;513;8
224;578;10
224;1689;10
225;226;9
225;469;6
225;849;6
225;853;9
226;25;6
226;20;7
226;27;7
226;48;7
226;1;8
226;6;8
226;45;8
226;50;8
226;53;8
226;58;6
226;59;8
226;60;7
226;61;7
226;62;7
226;63;7
226;64;6
226;67;7
226;68;5
226;71;7
226;72;7
226;73;7
226;98;7
226;101;8
226;119;8
226;121;6
226;125;7
226;126;6
226;132;8
226;133;7
226;144;7
226;146;8
226;147;7
226;150;6
226;156;8
226;157;7
226;167;7
226;168;7
226;169;7
226;174;8
226;175;5
226;180;9
226;181;9
226;189;7
226;190;7
226;193;8
226;195;8
226;196;6
226;204;7
226;205;8
226;209;6
226;218;8
226;223;5
226;225;6
226;226;8
226;237;8
226;238;6
226;241;6
226;245;10
226;246;5
226;248;7
226;249;7
226;251;7
226;259;8
226;260;8
226;261;8
226;262;8
226;263;8
226;269;10
226;270;8
226;275;7
226;303;8
226;343;8
226;346;8
226;355;8
226;356;8
226;357;8
226;384;5
226;385;7
226;391;7
226;392;8
226;394;8
226;400;7
226;411;7
226;419;9
226;442;6
226;469;6
226;471;7
226;472;7
226;487;6
226;502;6
226;529;7
226;538;8
226;546;7
226;547;7
226;554;8
226;555;7
226;563;8
226;576;7
226;577;6
226;590;6
226;591;8
226;609;6
226;615;5
226;626;8
226;648;8
226;667;8
226;668;8
226;682;8
226;685;7
226;694;7
226;696;8
226;710;7
226;738;7
226;777;8
226;788;7
226;813;8
226;824;6
226;835;7
226;836;8
226;845;7
226;849;7
226;854;8
226;855;7
226;856;8
226;857;9
226;880;8
226;886;8
226;889;9
226;891;7
226;892;7
226;893;7
226;894;6
226;895;7
226;896;6
226;897;8
226;898;6
226;899;7
226;900;8
226;901;8
226;902;6
226;903;8
226;904;5
226;905;8
226;906;7
226;916;7
226;918;8
226;934;8
226;936;6
226;940;7
226;957;7
226;987;7
226;988;6
226;1048;5
226;1067;9
226;1127;9
226;1128;8
226;1133;8
226;1164;6
226;1195;9
226;1210;8
226;1222;5
226;1250;10
226;1482;9
226;1514;8
226;1519;9
226;1530;8
226;1535;8
226;1536;7
226;1543;8
226;1546;6
226;1555;8
226;1557;8
226;1559;7
226;1568;6
226;1569;6
226;1570;7
226;1571;8
226;1575;10
226;1581;8
226;1588;8
226;1604;9
226;1606;7
226;1648;8
226;1688;7
226;1691;8
226;1698;7
226;1722;8
226;1726;9
226;1727;8
226;1731;7
226;1807;8
226;1818;7
226;1840;9
226;1860;7
226;1889;8
226;1914;7
226;1965;7
227;30;9
227;164;8
227;199;9
227;227;9
227;431;9
227;512;10
227;523;8
227;934;9
227;1889;9
228;43;9
228;1;10
228;101;7
228;226;9
228;501;10
228;849;9
228;1535;10
228;1575;8
228;1689;9
228;1818;8
228;1943;9
229;74;9
230;47;7
230;339;8
230;934;7
230;1210;8
230;1435;7
230;1943;8
231;136;10
231;164;8
231;170;9
231;199;10
231;228;10
231;269;10
231;431;9
231;523;8
231;918;9
231;1604;10
231;1689;6
232;71;5
232;72;7
232;73;9
232;121;8
232;710;6
232;849;4
232;1535;3
232;1575;10
233;93;10
233;94;10
233;356;10
233;457;10
233;779;10
233;780;10
233;781;10
233;849;10
233;856;10
233;1363;10
233;1364;10
233;1365;10
233;1366;10
233;1367;10
233;1505;10
233;1506;10
233;1575;10
234;20;5
234;43;8
234;47;8
234;1;9
234;5;9
234;30;9
234;32;10
234;80;7
234;81;8
234;82;8
234;84;8
234;85;9
234;86;7
234;87;6
234;88;6
234;164;8
234;199;7
234;225;5
234;227;8
234;320;3
234;324;9
234;523;7
234;527;5
234;570;9
234;585;9
234;813;7
234;820;10
234;885;8
234;889;8
234;949;8
234;1002;7
234;1095;9
234;1096;8
234;1209;8
234;1210;8
234;1288;7
234;1289;9
234;1301;7
234;1302;7
234;1519;8
234;1535;7
234;1564;6
234;1650;7
234;1689;10
234;1709;5
234;1916;5
234;1917;4
235;27;5
235;6;7
235;15;7
235;22;7
235;33;7
235;1;8
235;16;8
235;20;8
235;45;8
235;17;9
235;18;9
235;54;8
235;61;6
235;64;7
235;67;6
235;68;8
235;74;7
235;121;8
235;130;7
235;131;7
235;132;8
235;136;6
235;150;7
235;170;8
235;177;6
235;183;7
235;185;8
235;186;7
235;187;6
235;205;8
235;209;7
235;232;8
235;238;7
235;245;8
235;263;8
235;269;8
235;288;6
235;386;7
235;392;8
235;406;6
235;407;8
235;430;7
235;442;7
235;457;8
235;527;8
235;558;9
235;563;5
235;627;9
235;762;6
235;790;7
235;853;7
235;857;7
235;889;8
235;934;7
235;936;7
235;969;6
235;1065;7
235;1142;7
235;1195;6
235;1327;5
235;1519;7
235;1535;6
235;1536;8
235;1559;8
235;1562;7
235;1564;8
235;1565;8
235;1571;8
235;1575;8
235;1668;6
235;1669;6
235;1686;8
235;1698;8
235;1726;6
235;1840;6
235;1842;9
235;1889;7
236;20;7
236;154;6
236;223;9
236;225;9
236;226;10
236;245;9
236;339;8
236;356;9
236;357;6
236;527;7
236;813;10
236;934;9
236;1535;9
236;1575;10
236;1639;1
236;1889;9
239;154;9
239;164;9
239;199;10
239;393;9
239;523;10
239;543;10
239;777;10
239;889;9
239;1575;10
241;20;8
241;121;8
241;223;7
241;225;6
241;813;7
241;1195;7
241;1535;8
241;1575;8
241;1826;6
242;44;6
242;5;8
242;1;9
242;45;9
242;6;10
242;154;7
242;223;8
242;225;7
242;226;10
242;270;8
242;357;6
242;376;8
242;481;6
242;482;6
242;550;7
242;552;5
242;777;9
242;790;8
242;813;9
242;857;3
242;889;8
242;901;7
242;903;7
242;904;6
242;934;6
242;935;8
242;985;7
242;986;7
242;1137;7
242;1292;9
242;1519;9
242;1535;8
242;1818;7
242;1889;8
242;1943;9
243;142;7
243;223;8
243;269;9
243;813;7
243;853;8
243;1571;8
244;121;10
244;226;10
244;245;8
244;269;10
244;355;8
244;376;9
244;433;9
244;459;10
244;479;9
244;523;8
244;849;10
244;853;8
244;889;8
244;1094;7
244;1195;8
244;1689;8
244;1691;8
244;1723;10
244;1840;8
245;226;10
245;527;9
245;710;8
245;1195;7
245;1535;9
245;1564;9
245;1840;5
245;1847;8
246;20;9
246;74;7
246;119;6
246;120;7
246;853;10
246;1222;7
246;1535;8
246;1562;8
246;1691;8
247;22;8
247;44;9
247;45;9
247;53;7
247;66;8
247;75;8
247;76;8
247;77;9
247;80;8
247;81;7
247;82;7
247;84;7
247;85;8
247;86;8
247;89;7
247;90;9
247;92;7
247;93;9
247;94;9
247;95;6
247;96;5
247;99;7
247;102;8
247;110;7
247;115;7
247;116;7
247;121;8
247;142;7
247;143;7
247;169;8
247;177;8
247;233;8
247;245;8
247;250;8
247;268;6
247;290;6
247;302;10
247;321;6
247;338;7
247;341;8
247;356;8
247;366;6
247;388;8
247;394;7
247;396;7
247;397;7
247;400;8
247;404;7
247;427;8
247;431;10
247;473;7
247;513;10
247;552;8
247;572;10
247;874;7
247;889;8
247;944;7
247;967;8
247;969;8
247;995;8
247;998;7
247;1005;7
247;1021;7
247;1088;7
247;1132;7
247;1215;6
247;1222;8
247;1251;7
247;1279;8
247;1313;7
247;1327;6
247;1397;7
247;1412;8
247;1425;8
247;1426;8
247;1485;7
247;1519;8
247;1541;7
247;1569;7
247;1575;10
247;1579;9
247;1614;7
247;1618;6
247;1650;7
247;1651;7
247;1652;7
247;1691;6
247;1829;10
247;1835;7
247;1887;8
247;1915;9
247;1985;9
248;50;7
248;24;8
248;20;9
248;45;9
248;44;10
248;57;10
248;59;8
248;79;6
248;105;8
248;109;7
248;121;8
248;122;8
248;133;8
248;135;9
248;145;9
248;147;9
248;154;8
248;169;9
248;189;9
248;190;8
248;191;9
248;192;9
248;195;9
248;196;9
248;199;9
248;202;8
248;226;9
248;240;6
248;241;8
248;245;10
248;248;9
248;256;9
248;257;7
248;260;7
248;268;9
248;269;9
248;270;9
248;276;6
248;277;7
248;355;9
248;356;9
248;376;8
248;384;6
248;395;8
248;430;9
248;442;7
248;443;8
248;469;8
248;470;8
248;487;9
248;524;9
248;587;9
248;614;6
248;631;6
248;641;9
248;642;9
248;645;8
248;789;9
248;819;7
248;841;4
248;846;8
248;849;9
248;853;9
248;857;9
248;863;8
248;877;7
248;881;7
248;936;7
248;981;9
248;1004;9
248;1023;8
248;1195;9
248;1210;9
248;1222;9
248;1482;8
248;1530;10
248;1535;10
248;1555;9
248;1559;9
248;1575;10
248;1679;7
248;1689;10
248;1698;10
248;1722;5
248;1726;9
248;1836;4
248;1840;9
248;1887;8
248;1913;9
248;1956;7
249;20;8
249;79;5
249;121;9
249;150;6
249;164;10
249;166;8
249;202;7
249;226;6
249;269;8
249;270;6
249;330;7
249;356;7
249;431;10
249;433;5
249;442;6
249;523;9
249;572;7
249;597;6
249;664;7
249;761;6
249;853;9
249;918;8
249;934;7
249;936;6
249;1074;7
249;1137;7
249;1140;7
249;1482;9
249;1535;6
249;1562;4
249;1575;7
249;1589;6
249;1681;6
249;1691;6
249;1726;8
249;1829;10
249;1860;7
249;1889;7
249;1943;7
250;20;7
250;31;7
250;30;8
250;6;9
250;32;9
250;1;10
250;67;6
250;121;9
250;147;7
250;205;9
250;226;4
250;269;7
250;356;7
250;392;8
250;849;8
250;934;9
250;1210;9
250;1482;8
250;1530;8
250;1535;7
250;1575;7
250;1604;7
250;1689;9
250;1723;8
250;1818;5
250;1889;9
251;813;10
252;43;7
252;20;8
252;223;8
252;225;7
252;226;8
252;256;3
252;442;6
252;527;9
252;528;9
252;552;8
252;813;10
252;859;6
252;874;3
252;936;6
252;1117;8
252;1132;4
252;1137;7
252;1195;6
252;1313;6
252;1564;7
252;1689;8
252;1840;7
253;20;6
253;120;10
253;145;8
253;226;10
253;392;8
253;433;8
253;552;9
253;853;10
253;1222;4
253;1535;9
253;1699;10
255;199;10
255;269;10
255;431;10
256;30;8
256;62;9
256;64;8
256;66;9
256;79;9
256;127;9
256;128;8
256;133;8
256;144;8
256;145;8
256;154;9
256;157;10
256;193;8
256;195;9
256;197;8
256;199;9
256;226;8
256;227;6
256;241;8
256;330;10
256;343;9
256;355;8
256;357;7
256;376;8
256;390;9
256;443;9
256;469;8
256;519;9
256;670;9
256;710;9
256;776;9
256;849;8
256;855;8
256;933;6
256;1045;8
256;1195;10
256;1218;8
256;1530;7
256;1679;8
256;1722;9
256;1840;10
256;1847;9
256;1887;8
256;1965;8
257;30;10
257;249;9
257;527;5
258;20;9
258;226;7
258;228;7
258;934;8
258;1195;4
258;1535;10
258;1575;8
258;1594;7
258;1818;7
258;1889;8
259;205;10
259;934;10
260;20;9
260;223;7
260;395;8
260;469;8
261;20;7
261;6;8
261;47;8
261;1;9
261;53;8
261;62;6
261;71;6
261;79;8
261;93;7
261;94;7
261;101;8
261;102;9
261;121;7
261;145;7
261;150;7
261;205;6
261;223;8
261;226;10
261;228;8
261;269;7
261;270;8
261;291;7
261;323;7
261;355;8
261;384;9
261;392;8
261;394;9
261;395;9
261;467;8
261;620;7
261;634;6
261;710;7
261;777;8
261;790;5
261;801;7
261;819;6
261;838;7
261;849;7
261;857;7
261;889;7
261;934;9
261;1195;6
261;1222;8
261;1482;7
261;1486;8
261;1519;8
261;1530;9
261;1535;10
261;1536;7
261;1575;9
261;1594;9
261;1691;9
261;1722;7
261;1723;9
261;1827;8
261;1836;6
261;1840;6
261;1889;9
262;45;8
262;59;6
262;164;10
262;205;8
262;226;7
262;268;7
262;326;7
262;376;6
262;431;8
262;438;5
262;512;7
262;528;8
262;570;8
262;596;7
262;617;8
262;1122;7
262;1210;10
262;1292;7
262;1311;5
262;1358;9
262;1526;6
262;1535;7
262;1689;9
262;1943;6
263;20;7
263;64;8
263;65;7
263;121;6
263;154;7
263;269;9
263;481;8
263;482;8
263;550;8
263;552;7
263;874;8
263;1313;7
263;1482;10
263;1535;10
263;1575;10
264;30;9
264;32;9
264;101;8
264;226;8
264;240;8
264;713;8
265;270;5
265;850;7
265;1535;10
265;1726;7
266;1;8
266;121;10
266;149;7
266;154;7
266;199;8
266;270;7
266;430;9
266;431;9
266;469;5
266;481;8
266;523;8
266;527;9
266;687;6
266;819;5
266;853;8
266;1535;8
268;20;8
268;226;8
268;269;7
268;330;7
268;889;9
268;1195;9
268;1519;8
268;1535;9
268;1840;9
269;20;7
269;27;7
269;47;7
269;50;8
269;59;7
269;67;8
269;121;9
269;150;8
269;164;8
269;174;7
269;198;7
269;202;8
269;205;8
269;223;9
269;226;7
269;232;7
269;245;10
269;270;8
269;298;7
269;411;7
269;416;7
269;431;9
269;467;7
269;479;7
269;523;8
269;543;9
269;552;7
269;732;8
269;793;7
269;801;7
269;813;9
269;857;7
269;861;7
269;1254;9
269;1482;8
269;1535;10
269;1559;9
269;1575;9
269;1860;6
269;1952;6
270;270;7
270;777;7
271;20;1
271;59;8
271;101;9
271;169;8
271;223;8
271;225;5
271;226;10
271;241;8
271;249;8
271;250;8
271;269;10
271;288;6
271;339;10
271;356;9
271;376;8
271;413;1
271;433;8
271;450;7
271;487;8
271;527;5
271;528;8
271;552;7
271;596;5
271;762;7
271;813;10
271;834;7
271;849;7
271;894;7
271;895;7
271;896;7
271;934;8
271;1004;9
271;1117;7
271;1118;6
271;1119;6
271;1120;7
271;1121;7
271;1122;7
271;1195;7
271;1311;7
271;1525;6
271;1526;8
271;1535;9
271;1564;6
271;1565;6
271;1669;6
271;1686;8
271;1689;9
271;1709;6
271;1726;8
271;1816;7
271;1840;7
271;1887;8
271;1889;10
272;20;8
272;121;7
272;199;10
272;317;9
272;431;9
272;1575;8
273;20;5
273;121;7
273;226;5
273;269;4
273;270;4
273;355;5
273;356;6
273;392;6
273;1535;8
273;1571;5
273;1575;9
275;20;9
275;121;8
275;527;7
275;1535;10
276;1;10
276;263;10
276;777;8
276;853;9
276;1210;9
276;1535;10
276;1887;6
277;7;8
277;31;8
277;43;8
277;48;8
277;5;9
277;6;9
277;30;9
277;32;9
277;45;9
277;1;10
277;59;9
277;90;9
277;91;9
277;96;9
277;120;9
277;123;9
277;124;9
277;202;9
277;205;9
277;226;9
277;227;9
277;232;8
277;249;9
277;270;8
277;376;8
277;380;9
277;381;9
277;392;8
277;400;8
277;450;8
277;452;8
277;508;7
277;538;8
277;539;9
277;541;9
277;567;9
277;598;8
277;696;9
277;763;7
277;777;9
277;1006;8
277;1144;8
277;1535;9
278;1818;9
279;20;7
279;48;8
279;79;7
279;101;8
279;121;7
279;144;9
279;146;7
279;226;9
279;269;9
279;356;8
279;857;8
279;1536;8
279;1575;9
280;59;8
280;64;8
280;65;8
280;134;9
280;160;6
280;169;7
280;226;10
280;355;6
280;356;6
280;667;7
280;813;8
280;879;6
280;889;8
280;934;9
280;1292;6
280;1519;7
280;1535;8
280;1575;8
280;1654;6
280;1690;9
280;1818;9
280;1827;7
280;1889;9
281;1;7
281;20;8
281;19;9
281;121;7
281;223;8
281;225;4
281;226;7
281;227;7
281;263;8
281;270;8
281;392;10
281;481;6
281;658;6
281;813;9
281;934;8
281;1482;7
281;1535;8
281;1575;10
281;1604;8
281;1606;6
281;1827;5
282;20;9
282;16;10
282;59;9
282;79;9
282;226;10
282;237;9
282;269;10
282;355;9
282;469;9
282;481;9
282;550;9
282;587;8
282;790;10
282;853;10
282;873;9
282;990;9
282;1142;9
282;1195;9
282;1222;9
282;1535;9
282;1559;9
282;1562;8
282;1588;9
282;1691;8
282;1722;9
282;1840;9
284;1;7
284;20;7
284;121;9
284;164;8
284;199;8
284;226;6
284;430;7
284;431;9
284;777;7
284;1575;10
286;79;6
286;120;7
286;121;9
286;150;7
286;226;8
286;249;7
286;269;9
286;853;6
286;1535;9
286;1691;8
287;61;8
287;226;10
288;25;7
288;49;7
288;1;8
288;20;8
288;50;8
288;30;9
288;47;9
288;55;8
288;61;7
288;62;7
288;63;7
288;67;6
288;71;8
288;72;7
288;73;7
288;97;9
288;98;6
288;101;6
288;119;7
288;121;9
288;127;6
288;128;7
288;143;8
288;150;7
288;164;9
288;166;10
288;169;7
288;174;7
288;175;7
288;193;8
288;199;7
288;204;7
288;205;8
288;226;10
288;241;6
288;244;7
288;248;7
288;249;7
288;269;8
288;272;7
288;276;7
288;277;7
288;290;8
288;348;7
288;349;6
288;355;8
288;356;9
288;396;8
288;397;8
288;398;9
288;399;7
288;411;9
288;416;9
288;431;9
288;444;7
288;449;6
288;450;6
288;451;6
288;452;6
288;487;7
288;512;9
288;513;10
288;523;9
288;527;9
288;528;8
288;566;7
288;578;5
288;585;9
288;656;6
288;713;7
288;762;7
288;766;6
288;819;7
288;820;9
288;834;7
288;854;7
288;855;9
288;857;8
288;880;7
288;934;7
288;935;8
288;1003;6
288;1015;7
288;1048;6
288;1066;7
288;1067;7
288;1086;9
288;1118;8
288;1195;7
288;1210;9
288;1250;8
288;1292;4
288;1430;9
288;1482;7
288;1535;9
288;1564;6
288;1565;7
288;1575;10
288;1583;6
288;1686;7
288;1691;7
288;1723;7
288;1817;6
288;1818;9
288;1827;7
288;1840;6
290;1;9
290;20;9
290;24;9
290;30;9
290;32;9
290;47;10
290;102;5
290;106;10
290;121;8
290;123;10
290;145;7
290;154;9
290;164;8
290;189;4
290;199;10
290;210;10
290;226;6
290;241;4
290;245;8
290;325;9
290;330;6
290;334;7
290;392;9
290;400;9
290;431;10
290;512;8
290;517;7
290;520;6
290;523;9
290;528;9
290;539;9
290;540;9
290;696;9
290;713;6
290;792;8
290;849;8
290;877;8
290;934;10
290;1006;9
290;1007;8
290;1101;10
290;1144;9
290;1146;9
290;1147;9
290;1412;7
290;1425;9
290;1562;6
290;1943;10
291;6;8
291;43;9
291;33;10
291;47;10
291;164;10
291;199;10
291;416;9
291;523;10
291;570;8
291;578;10
291;889;9
291;1519;9
291;1535;9
292;1;10
292;6;10
292;64;7
292;65;7
292;121;9
292;205;9
292;226;8
292;269;8
292;270;10
292;384;4
292;889;10
292;1002;6
292;1686;8
292;1818;6
293;22;7
293;20;8
293;32;8
293;47;9
293;1;10
293;30;10
293;61;7
293;121;8
293;154;7
293;164;10
293;199;10
293;205;10
293;223;8
293;225;8
293;226;8
293;227;8
293;250;7
293;431;9
293;442;7
293;523;10
293;527;8
293;813;8
293;1535;9
293;1575;10
293;1689;9
293;1691;7
294;1;7
294;5;7
294;30;7
294;31;7
294;45;7
294;46;7
294;24;8
294;32;8
294;49;8
294;50;8
294;44;9
294;20;10
294;68;9
294;71;8
294;72;7
294;73;7
294;97;8
294;101;6
294;120;8
294;121;8
294;136;10
294;145;7
294;150;7
294;153;8
294;154;8
294;164;9
294;169;7
294;170;8
294;174;7
294;177;8
294;189;7
294;190;7
294;191;7
294;192;7
294;199;9
294;205;9
294;223;9
294;225;7
294;226;7
294;227;7
294;237;9
294;256;8
294;257;8
294;263;9
294;264;9
294;265;9
294;269;10
294;270;8
294;304;7
294;317;10
294;355;7
294;356;9
294;401;8
294;408;8
294;413;5
294;416;8
294;431;9
294;433;8
294;457;9
294;459;8
294;460;7
294;461;7
294;462;7
294;463;7
294;464;7
294;465;7
294;466;7
294;478;9
294;502;8
294;504;8
294;512;8
294;513;8
294;523;9
294;552;7
294;572;7
294;585;8
294;597;8
294;617;8
294;618;7
294;756;8
294;777;10
294;793;7
294;807;7
294;813;10
294;837;6
294;846;8
294;849;8
294;853;8
294;857;9
294;861;7
294;874;8
294;880;9
294;891;7
294;892;8
294;893;8
294;894;7
294;895;6
294;896;7
294;897;7
294;898;7
294;899;7
294;900;7
294;934;8
294;935;8
294;963;7
294;969;8
294;974;7
294;1003;7
294;1004;5
294;1009;5
294;1015;7
294;1066;6
294;1094;7
294;1117;10
294;1118;9
294;1119;9
294;1121;9
294;1122;9
294;1132;9
294;1195;9
294;1210;9
294;1222;8
294;1237;7
294;1238;7
294;1292;8
294;1313;7
294;1482;9
294;1526;9
294;1530;8
294;1531;7
294;1535;10
294;1559;9
294;1575;10
294;1579;9
294;1604;8
294;1606;9
294;1689;8
294;1691;9
294;1694;8
294;1723;9
294;1726;8
294;1731;8
294;1764;7
294;1799;7
294;1800;7
294;1815;8
294;1827;9
294;1838;7
294;1840;9
294;1861;7
294;1889;8
294;1956;8
295;30;10
295;45;10
295;50;10
295;74;10
295;92;7
295;93;10
295;94;10
295;175;7
295;177;10
295;238;10
295;356;10
295;435;9
295;587;9
295;849;9
295;856;9
295;857;9
295;1195;10
295;1215;7
295;1222;7
295;1250;10
295;1535;10
295;1563;10
295;1571;10
295;1575;10
295;1840;10
296;8;7
296;1;8
296;6;9
296;15;9
296;17;9
296;22;9
296;24;9
296;45;9
296;20;10
296;121;9
296;136;9
296;150;9
296;154;8
296;170;10
296;174;7
296;183;8
296;205;9
296;226;6
296;238;6
296;245;10
296;246;8
296;263;10
296;269;9
296;270;8
296;384;7
296;395;8
296;419;9
296;479;7
296;552;9
296;558;9
296;627;8
296;762;8
296;834;7
296;846;9
296;857;8
296;889;8
296;918;10
296;935;8
296;1123;8
296;1327;10
296;1482;10
296;1519;7
296;1535;10
296;1536;8
296;1559;9
296;1575;9
296;1604;9
296;1606;9
296;1726;9
296;1818;6
296;1842;9
297;45;9
297;20;10
297;102;8
297;442;8
297;761;9
297;853;9
297;936;8
297;1074;9
298;20;9
298;154;8
298;164;10
298;199;9
298;226;8
298;269;9
298;431;10
298;442;5
298;853;8
298;918;10
298;934;8
298;936;5
298;1535;10
298;1575;9
298;1604;10
298;1686;7
298;1889;8
298;1943;6
298;1953;6
299;269;10
300;121;9
300;226;9
300;245;10
300;268;7
300;270;7
300;777;10
300;1482;7
300;1575;10
300;1726;7
301;30;1
301;31;1
301;32;1
301;6;8
301;1;9
301;54;8
301;101;5
301;134;9
301;143;6
301;180;7
301;270;6
301;355;8
301;356;2
301;467;10
301;468;9
301;548;9
301;710;6
301;777;8
301;790;10
301;801;10
301;849;10
301;855;7
301;889;9
301;934;8
301;1195;7
301;1519;9
301;1530;4
301;1535;5
301;1575;9
301;1723;6
301;1731;7
301;1840;7
301;1887;8
301;1889;8
303;17;10
303;71;8
303;170;9
303;226;10
303;269;9
303;356;9
303;762;10
303;834;10
303;1535;9
303;1686;10
304;553;7
304;736;7
304;741;7
304;746;7
304;752;4
304;755;6
304;850;7
304;907;6
304;1637;6
304;1818;10
304;1912;7
305;1195;9
305;1535;10
306;1;7
306;5;8
306;72;8
306;121;8
306;164;9
306;226;7
306;889;8
306;1519;8
306;1535;10
306;1575;9
307;877;10
307;1535;9
308;59;7
308;63;7
308;74;8
308;76;9
308;77;9
308;98;10
308;100;8
308;104;9
308;113;10
308;121;9
308;123;8
308;136;8
308;142;8
308;153;6
308;182;8
308;193;7
308;232;8
308;247;9
308;296;8
308;325;7
308;327;9
308;337;9
308;350;9
308;351;7
308;352;9
308;353;7
308;371;8
308;372;8
308;456;9
308;479;9
308;521;8
308;530;7
308;531;7
308;532;7
308;671;7
308;687;8
308;740;7
308;831;9
308;836;9
308;849;9
308;855;8
308;957;9
308;990;7
308;996;7
308;997;7
308;1032;5
308;1110;9
308;1174;9
308;1195;9
308;1239;7
308;1240;7
308;1376;7
308;1486;6
308;1533;9
308;1561;8
308;1567;9
308;1570;9
308;1578;9
308;1579;9
308;1602;9
308;1604;10
308;1642;8
308;1727;10
308;1808;8
308;1838;8
308;1864;9
308;1914;9
308;1915;9
308;1957;9
310;687;8
311;20;10
311;142;7
311;164;10
311;199;10
311;226;9
311;249;10
311;431;10
311;687;7
311;934;10
311;1535;9
311;1889;10
312;48;2
312;30;7
312;20;9
312;154;6
312;202;9
312;226;4
312;245;7
312;269;10
312;270;6
312;513;7
312;527;6
312;543;8
312;594;6
312;762;7
312;777;9
312;834;8
312;889;9
312;908;8
312;1074;6
312;1535;10
312;1685;9
312;1710;9
314;813;7
314;889;10
314;1374;7
314;1519;10
314;1575;8
315;33;7
315;48;8
315;6;9
315;166;8
315;226;9
315;237;8
315;269;6
315;384;7
315;395;8
315;467;8
315;801;8
315;813;7
315;857;9
315;873;8
315;1575;10
315;1818;9
316;16;9
316;20;9
316;59;8
316;121;9
316;150;8
316;228;9
316;267;9
316;269;10
316;325;8
316;457;9
316;853;9
316;877;8
316;1535;8
316;1575;8
317;24;8
317;30;8
317;6;9
317;20;9
317;1;10
317;53;8
317;59;6
317;60;9
317;61;8
317;63;5
317;66;7
317;68;9
317;76;8
317;77;8
317;120;8
317;121;9
317;136;9
317;152;7
317;157;8
317;174;6
317;177;9
317;189;7
317;199;10
317;202;7
317;205;9
317;225;5
317;226;8
317;227;9
317;232;8
317;237;8
317;249;10
317;257;4
317;269;10
317;270;9
317;334;7
317;339;8
317;343;8
317;355;10
317;356;8
317;357;5
317;372;9
317;390;8
317;431;10
317;467;10
317;469;7
317;478;9
317;490;7
317;505;7
317;516;7
317;603;5
317;687;8
317;790;8
317;801;10
317;813;10
317;849;9
317;853;10
317;856;7
317;860;7
317;861;9
317;889;8
317;934;7
317;940;7
317;969;9
317;1195;8
317;1222;7
317;1250;8
317;1498;7
317;1530;9
317;1568;8
317;1604;9
317;1606;9
317;1810;8
317;1915;9
318;1535;10
318;1686;9
319;50;9
319;175;8
319;180;8
319;181;9
319;182;8
319;237;9
319;269;9
319;356;9
319;478;9
319;813;10
319;1536;9
320;16;8
320;24;9
320;59;8
320;71;8
320;72;9
320;73;9
320;79;8
320;182;10
320;226;8
320;240;9
320;248;7
320;330;7
320;355;8
320;356;8
320;357;8
320;469;8
320;846;9
320;918;10
320;1195;8
320;1210;10
320;1530;8
320;1535;9
320;1559;8
320;1568;7
320;1689;9
320;1818;8
320;1827;9
321;79;4
321;121;8
321;133;5
321;227;9
321;241;7
321;355;7
321;403;7
321;412;5
321;487;7
321;889;8
321;1195;8
321;1519;8
321;1535;10
321;1575;10
321;1691;8
321;1840;7
322;20;9
322;226;9
322;356;9
322;934;7
322;1195;7
322;1210;8
322;1530;8
322;1535;10
322;1689;9
322;1840;7
322;1889;8
323;199;9
323;416;8
323;523;8
323;597;8
324;68;9
324;120;8
324;136;7
324;138;7
324;149;6
324;189;4
324;227;10
324;232;8
324;233;7
324;239;9
324;248;6
324;345;10
324;371;7
324;430;8
324;450;6
324;451;6
324;516;8
324;552;8
324;811;6
324;934;5
324;1251;8
324;1535;9
324;1946;8
324;1961;8
325;20;8
325;121;6
325;154;10
325;270;9
325;777;10
325;1535;8
325;1575;7
325;1726;10
326;27;8
326;6;10
326;59;7
326;68;9
326;180;10
326;181;7
326;226;8
326;241;7
326;355;10
326;356;8
326;403;7
326;457;10
326;469;7
326;487;7
326;649;7
326;889;10
326;934;9
326;1195;8
326;1519;10
326;1530;10
326;1535;9
326;1536;7
326;1559;10
326;1575;10
326;1604;10
326;1681;8
326;1691;9
326;1818;8
326;1889;9
327;90;8
327;91;9
327;93;8
327;202;9
327;530;8
327;532;8
327;740;8
329;20;7
329;121;7
329;154;9
329;1535;7
330;853;7
330;1575;10
331;934;8
331;1575;10
331;1889;7
332;20;5
332;33;7
332;45;7
332;19;8
332;1;9
332;5;9
332;66;2
332;121;7
332;136;5
332;154;7
332;205;8
332;223;7
332;225;4
332;245;9
332;249;6
332;263;7
332;264;6
332;269;7
332;270;6
332;617;6
332;777;8
332;790;7
332;813;7
332;1292;4
332;1535;7
332;1559;7
332;1818;6
334;20;7
334;357;8
334;1535;9
334;1575;8
335;47;10
335;121;8
335;223;9
335;392;10
335;813;10
335;1575;8
336;20;7
336;19;10
336;121;8
336;232;5
336;430;6
336;457;9
336;468;9
336;479;6
336;759;10
336;813;8
336;849;9
336;1210;10
336;1689;9
339;20;8
339;33;10
339;223;8
339;269;8
339;356;7
339;431;9
339;457;9
339;513;8
339;523;9
339;578;8
339;1034;8
339;1604;8
339;1686;7
340;20;6
340;53;5
340;79;9
340;101;8
340;189;5
340;226;9
340;241;5
340;487;4
340;522;9
340;777;9
340;849;7
340;934;7
340;1535;9
340;1686;8
340;1889;5
341;1;8
341;43;8
341;121;7
341;164;9
341;199;8
341;205;9
341;226;9
341;245;10
341;256;7
341;356;7
341;376;7
341;431;8
341;433;9
341;457;9
341;512;7
341;523;7
341;572;10
341;578;7
341;585;5
341;597;8
341;759;7
341;849;7
341;889;8
341;949;9
341;1002;10
341;1210;10
341;1575;10
341;1689;8
341;1829;8
341;1943;8
342;20;9
342;189;7
342;190;7
342;191;9
342;192;8
342;226;7
342;269;8
342;288;6
342;376;7
342;442;8
342;594;7
342;936;9
342;963;8
342;1074;7
342;1535;6
342;1686;7
342;1689;7
342;1723;10
343;6;7
343;15;7
343;20;8
343;45;9
343;90;7
343;93;10
343;94;9
343;121;6
343;154;7
343;166;6
343;223;10
343;226;8
343;238;8
343;287;7
343;356;7
343;392;8
343;479;8
343;1292;7
343;1535;10
343;1559;9
343;1604;6
343;1606;7
344;199;9
344;226;9
344;317;8
344;326;9
344;523;9
345;20;9
345;30;9
345;32;9
345;79;7
345;90;7
345;170;9
345;482;8
345;550;8
345;813;9
345;1535;10
345;1575;10
345;1726;6
345;1894;6
346;76;7
346;77;8
346;142;8
346;164;9
346;178;7
346;226;9
346;372;8
346;376;9
346;459;7
346;530;8
346;531;7
346;532;7
346;550;6
346;603;6
346;740;7
346;849;8
346;934;9
346;996;8
346;997;7
346;1239;4
346;1240;6
346;1278;5
346;1411;6
346;1482;8
346;1530;9
346;1533;6
346;1534;7
346;1535;8
346;1889;8
346;1930;6
348;74;7
348;162;7
348;164;10
348;199;8
348;226;9
348;243;7
348;523;7
348;721;8
348;934;9
348;1889;9
349;25;6
349;24;8
349;20;9
349;71;8
349;72;7
349;73;8
349;121;9
349;136;9
349;139;8
349;154;9
349;200;6
349;205;8
349;226;9
349;245;10
349;269;10
349;459;8
349;482;9
349;527;9
349;1094;7
349;1482;8
349;1535;10
349;1559;9
349;1604;9
350;19;8
350;32;8
350;43;8
350;30;9
350;437;8
350;849;8
350;1535;9
350;1575;8
350;1689;7
350;1943;8
352;7;6
352;6;7
352;20;7
352;15;8
352;19;8
352;33;8
352;43;8
352;45;8
352;1;9
352;44;9
352;47;9
352;57;9
352;60;7
352;68;7
352;71;10
352;72;7
352;73;9
352;90;8
352;91;8
352;93;8
352;94;8
352;97;8
352;121;10
352;123;8
352;132;9
352;134;5
352;136;9
352;137;9
352;138;9
352;139;9
352;150;7
352;154;8
352;160;7
352;168;7
352;174;7
352;177;8
352;180;7
352;181;7
352;182;7
352;189;7
352;202;8
352;205;8
352;208;8
352;209;7
352;226;8
352;227;9
352;237;7
352;240;7
352;245;10
352;249;7
352;251;9
352;267;7
352;268;9
352;269;8
352;270;8
352;317;5
352;329;10
352;355;8
352;356;8
352;384;7
352;392;8
352;407;7
352;430;7
352;457;7
352;467;10
352;468;8
352;479;7
352;534;8
352;535;8
352;540;7
352;541;7
352;566;6
352;567;6
352;584;6
352;777;9
352;790;6
352;801;10
352;849;5
352;853;9
352;856;8
352;857;10
352;861;8
352;877;9
352;889;10
352;918;10
352;934;7
352;949;9
352;1002;9
352;1210;8
352;1241;8
352;1292;8
352;1410;6
352;1454;7
352;1482;9
352;1519;9
352;1535;8
352;1536;6
352;1557;6
352;1571;8
352;1575;9
352;1604;10
352;1606;8
352;1686;9
352;1691;7
352;1726;7
352;1818;9
352;1860;7
353;223;8
353;225;6
353;269;9
353;813;10
354;20;8
354;164;8
354;199;9
354;226;7
354;384;8
354;395;8
354;431;8
354;572;8
354;1535;8
354;1689;8
356;15;8
356;120;8
356;269;5
356;853;8
357;20;8
357;164;6
357;202;6
357;269;8
357;918;10
357;1482;8
357;1535;8
357;1575;7
358;355;9
358;486;10
358;934;10
358;1816;6
358;1835;8
358;1965;8
359;20;8
359;226;6
359;355;10
359;1195;10
359;1840;10
360;226;10
360;270;9
360;777;9
360;1535;8
360;1726;9
361;22;9
361;27;9
361;45;9
361;59;7
361;60;7
361;68;8
361;100;7
361;104;8
361;120;9
361;121;7
361;123;10
361;132;8
361;136;8
361;150;10
361;153;10
361;166;9
361;177;9
361;198;9
361;199;8
361;228;9
361;232;8
361;239;9
361;245;8
361;249;8
361;323;7
361;356;8
361;372;8
361;392;9
361;431;9
361;457;10
361;469;9
361;512;8
361;523;10
361;530;8
361;578;7
361;696;9
361;721;8
361;759;8
361;807;9
361;853;9
361;861;8
361;877;7
361;957;9
361;969;9
361;1110;7
361;1254;8
361;1257;8
361;1482;10
361;1535;9
361;1575;10
361;1579;7
361;1589;7
361;1604;9
361;1606;9
361;1690;8
361;1691;8
361;1698;9
361;1726;8
361;1818;8
361;1914;9
363;20;7
363;31;8
363;5;9
363;32;9
363;43;9
363;47;9
363;1;10
363;30;10
363;51;5
363;121;7
363;156;5
363;164;10
363;174;6
363;199;8
363;223;7
363;226;8
363;256;7
363;268;7
363;270;5
363;317;8
363;321;6
363;366;6
363;376;8
363;384;7
363;395;7
363;420;6
363;431;8
363;433;7
363;467;7
363;512;8
363;513;8
363;523;8
363;570;7
363;572;7
363;578;8
363;743;6
363;801;8
363;812;6
363;813;7
363;889;8
363;1004;6
363;1210;9
363;1292;5
363;1303;5
363;1361;6
363;1519;8
363;1535;7
363;1681;5
363;1689;7
363;1829;6
364;226;7
364;269;7
364;270;7
364;777;7
364;918;10
364;1575;9
365;20;10
365;61;9
365;68;9
365;101;8
365;114;9
365;120;10
365;121;10
365;143;10
365;146;8
365;149;5
365;177;10
365;199;10
365;223;9
365;225;8
365;226;9
365;243;10
365;249;10
365;288;7
365;296;8
365;328;10
365;431;9
365;457;5
365;469;9
365;507;10
365;523;10
365;530;6
365;553;9
365;578;10
365;724;6
365;746;8
365;752;8
365;807;10
365;813;10
365;849;8
365;850;10
365;853;9
365;855;10
365;857;8
365;894;7
365;895;8
365;896;6
365;897;9
365;898;8
365;899;8
365;900;8
365;901;8
365;902;10
365;903;9
365;944;8
365;953;8
365;969;9
365;1498;10
365;1532;9
365;1535;9
365;1571;10
365;1575;8
365;1639;8
365;1668;8
365;1669;7
365;1912;7
367;121;7
367;356;9
368;20;8
368;246;8
368;1195;8
368;1237;9
368;1397;9
369;121;9
369;154;9
369;199;8
369;226;10
369;270;9
369;523;10
369;777;10
369;1292;7
369;1535;10
370;31;7
370;30;9
370;32;9
370;164;10
370;199;10
370;205;9
370;249;5
370;269;5
370;270;6
370;323;9
370;431;9
370;523;9
370;777;7
370;853;8
370;1535;9
370;1889;8
371;1;10
371;223;7
371;225;7
371;263;9
371;431;9
371;459;6
371;460;6
371;461;5
371;462;8
371;463;7
371;464;10
371;465;7
371;466;7
371;813;8
371;896;6
371;898;8
371;899;7
371;1535;7
373;27;8
373;150;7
373;177;4
373;245;10
373;269;9
373;270;8
373;317;9
373;408;8
373;527;6
373;558;10
373;627;10
373;777;9
373;969;4
373;1482;7
373;1535;9
373;1575;7
373;1689;9
373;1691;7
373;1842;10
374;30;10
375;136;10
375;205;10
375;223;10
375;225;8
375;813;10
375;987;6
375;1606;7
375;1818;9
376;20;10
376;225;7
376;269;8
376;516;6
376;527;10
376;813;9
376;1535;9
377;121;10
377;226;9
377;228;9
377;853;10
378;1691;9
379;20;9
379;79;6
379;133;9
379;174;5
379;189;8
379;195;8
379;210;10
379;226;6
379;245;10
379;268;10
379;269;10
379;382;7
379;390;8
379;448;9
379;590;8
379;658;9
379;1195;8
379;1218;10
379;1535;10
379;1559;10
380;226;7
380;849;7
380;1535;8
382;20;5
382;30;8
382;47;8
382;5;9
382;32;9
382;43;9
382;1;10
382;164;9
382;199;8
382;239;10
382;269;6
382;339;9
382;356;5
382;392;8
382;437;9
382;468;8
382;481;7
382;482;5
382;523;9
382;548;7
382;552;5
382;570;9
382;572;8
382;578;10
382;759;9
382;777;8
382;788;1
382;845;6
382;849;8
382;859;3
382;874;7
382;889;8
382;934;10
382;1132;3
382;1292;6
382;1313;4
382;1535;8
382;1575;9
382;1686;6
382;1818;8
382;1889;9
383;79;8
384;31;7
384;1;8
384;30;9
384;32;10
384;60;7
384;121;9
384;150;8
384;164;10
384;226;8
384;227;10
384;256;10
384;270;7
384;302;8
384;317;8
384;376;7
384;393;9
384;405;6
384;430;8
384;459;6
384;460;7
384;461;6
384;462;7
384;463;6
384;464;9
384;465;7
384;466;7
384;499;7
384;513;10
384;534;8
384;536;7
384;543;8
384;572;9
384;585;8
384;622;5
384;732;8
384;743;7
384;885;7
384;934;9
384;974;8
384;1029;7
384;1034;8
384;1047;8
384;1094;6
384;1107;8
384;1208;6
384;1237;6
384;1238;6
384;1269;6
384;1352;6
384;1412;7
384;1425;7
384;1430;9
384;1435;8
384;1498;6
384;1575;9
384;1793;7
384;1818;8
384;1857;7
384;1889;9
384;1943;9
384;1951;8
384;1972;7
384;1980;7
385;27;8
385;20;10
385;149;8
385;199;10
385;226;10
385;251;8
385;269;10
385;270;10
385;376;7
385;431;10
385;481;8
385;488;5
385;523;8
385;552;8
385;553;6
385;777;10
385;850;7
385;853;7
385;874;9
385;910;6
385;918;10
385;934;9
385;1019;6
385;1117;7
385;1132;8
385;1243;6
385;1313;8
385;1482;10
385;1532;5
385;1535;10
385;1571;10
385;1575;10
385;1604;9
385;1686;8
385;1726;7
385;1889;9
385;1912;7
386;20;7
386;121;8
386;777;10
386;1535;9
387;20;7
387;22;7
387;18;8
387;28;9
387;59;9
387;68;8
387;121;10
387;135;10
387;136;8
387;154;9
387;174;7
387;185;8
387;187;9
387;189;10
387;190;8
387;199;10
387;241;7
387;248;8
387;317;9
387;400;8
387;467;9
387;479;8
387;487;7
387;552;10
387;645;9
387;763;8
387;801;9
387;813;8
387;821;7
387;834;6
387;849;8
387;853;9
387;857;9
387;859;6
387;874;8
387;1132;6
387;1195;6
387;1250;8
387;1313;6
387;1365;7
387;1482;9
387;1535;8
387;1559;7
387;1562;8
387;1575;10
387;1604;8
387;1818;8
387;1840;5
389;20;10
389;71;10
389;72;10
389;73;10
389;121;10
389;223;10
389;225;10
389;813;10
389;1535;10
390;20;6
390;24;8
390;121;7
390;157;6
390;174;5
390;189;6
390;205;8
390;223;7
390;225;6
390;226;7
390;245;8
390;790;7
390;813;7
390;877;7
390;934;7
390;1535;8
391;65;10
391;68;10
391;1594;8
392;1;7
392;6;7
392;18;7
392;20;7
392;28;7
392;33;7
392;45;7
392;46;8
392;47;8
392;44;10
392;53;6
392;54;7
392;57;7
392;60;7
392;68;7
392;71;8
392;72;7
392;73;6
392;121;8
392;135;6
392;136;9
392;137;9
392;138;6
392;139;6
392;142;4
392;161;7
392;164;9
392;167;8
392;168;7
392;170;8
392;174;7
392;182;8
392;185;7
392;186;7
392;187;8
392;195;7
392;199;8
392;202;8
392;210;7
392;223;4
392;227;3
392;236;2
392;239;7
392;245;9
392;250;7
392;263;9
392;268;8
392;269;4
392;270;6
392;281;5
392;288;4
392;292;4
392;302;8
392;317;7
392;330;7
392;338;8
392;356;7
392;357;5
392;389;6
392;390;6
392;391;8
392;401;7
392;408;8
392;411;5
392;419;4
392;430;3
392;431;9
392;433;4
392;443;7
392;448;7
392;469;6
392;478;7
392;481;7
392;503;3
392;513;9
392;527;7
392;552;8
392;558;8
392;572;9
392;578;10
392;585;8
392;587;5
392;627;8
392;634;5
392;645;6
392;743;5
392;760;7
392;770;4
392;777;8
392;790;8
392;813;4
392;819;3
392;825;4
392;834;5
392;841;4
392;845;5
392;853;5
392;857;6
392;873;6
392;874;8
392;889;7
392;916;5
392;918;8
392;970;7
392;1017;7
392;1023;8
392;1140;5
392;1164;7
392;1195;7
392;1210;4
392;1251;8
392;1292;6
392;1313;6
392;1327;6
392;1466;4
392;1469;6
392;1482;8
392;1485;8
392;1498;8
392;1519;8
392;1535;8
392;1559;9
392;1562;7
392;1575;7
392;1576;5
392;1606;8
392;1647;5
392;1663;8
392;1678;6
392;1686;7
392;1689;8
392;1691;7
392;1698;8
392;1699;8
392;1731;8
392;1818;6
392;1823;7
392;1827;7
392;1840;8
392;1842;7
392;1894;5
392;1913;7
393;237;9
393;269;9
393;355;7
393;1195;7
393;1691;8
393;1840;7
394;30;10
394;1535;9
394;1689;10
395;20;7
395;31;7
395;32;7
395;30;9
395;68;9
395;76;8
395;77;9
395;136;9
395;138;7
395;139;8
395;164;7
395;199;4
395;226;7
395;269;7
395;392;9
395;431;4
395;512;7
395;513;8
395;516;7
395;523;7
395;528;5
395;530;8
395;572;8
395;578;2
395;597;3
395;688;6
395;779;8
395;918;9
395;934;9
395;1118;8
395;1119;8
395;1120;5
395;1413;7
395;1414;8
395;1415;7
395;1416;7
395;1417;8
395;1418;10
395;1419;9
395;1420;6
395;1421;6
395;1422;7
395;1423;7
395;1424;10
395;1427;7
395;1429;7
395;1430;8
395;1431;5
395;1432;7
395;1433;6
395;1434;7
395;1435;6
395;1437;7
395;1438;6
395;1482;8
395;1525;4
395;1535;9
395;1604;10
395;1689;8
395;1818;9
395;1889;9
395;1915;9
397;457;10
397;853;9
398;143;5
398;168;9
400;32;6
400;45;6
400;30;7
400;31;7
400;20;8
400;24;8
400;44;8
400;19;9
400;68;4
400;71;5
400;72;7
400;73;6
400;121;6
400;154;8
400;177;7
400;223;6
400;226;6
400;227;3
400;246;4
400;257;3
400;269;7
400;270;6
400;317;6
400;355;7
400;356;6
400;401;7
400;481;8
400;537;6
400;777;6
400;813;7
400;846;8
400;889;5
400;918;7
400;1195;7
400;1210;8
400;1361;5
400;1519;5
400;1535;8
400;1571;4
400;1575;9
400;1691;5
400;1726;4
400;1727;4
400;1840;7
400;1956;2
401;20;9
401;269;9
401;1535;8
401;1571;8
401;1575;10
403;31;8
403;1;9
403;5;9
403;19;9
403;30;10
403;32;10
403;47;10
403;71;7
403;72;8
403;121;7
403;170;9
403;226;7
403;227;9
403;245;8
403;270;7
403;323;10
403;376;7
403;384;8
403;395;8
403;777;8
403;790;9
403;849;7
403;889;8
403;1519;8
403;1535;8
403;1575;8
403;1943;10
404;20;7
404;6;9
404;19;10
404;45;10
404;79;7
404;223;7
404;269;10
404;479;9
404;527;7
404;813;10
404;1818;7
405;20;7
405;121;8
405;154;7
405;205;8
405;226;7
405;245;10
405;249;7
405;269;10
405;431;7
405;469;7
405;620;7
405;777;9
405;853;8
405;1535;7
405;1707;9
405;1818;7
406;31;7
406;32;8
406;30;9
406;45;9
406;223;8
406;225;7
406;226;10
406;457;9
406;468;8
406;550;5
406;790;9
406;813;9
406;1535;10
406;1575;10
406;1943;8
408;179;6
408;1535;10
408;1562;8
409;853;7
409;1210;10
410;120;8
411;32;8
411;30;9
411;71;8
411;72;7
411;120;7
411;202;8
411;205;7
411;226;10
411;270;6
411;339;7
411;849;7
411;934;10
411;1023;10
411;1281;10
411;1292;8
411;1535;9
411;1575;8
411;1696;8
411;1818;6
411;1889;10
412;27;7
412;121;8
412;164;10
412;198;5
412;199;10
412;226;4
412;270;7
412;431;9
412;512;9
412;861;9
412;1535;5
412;1818;10
413;120;9
413;122;10
413;226;9
413;322;7
413;325;10
413;334;9
413;853;10
414;31;8
414;30;9
414;32;10
414;537;8
415;30;7
415;59;8
415;64;7
415;66;7
415;121;8
415;232;9
415;343;7
415;527;9
415;530;8
415;531;8
415;532;9
415;687;8
415;740;8
415;779;8
415;780;8
415;781;7
415;861;9
415;934;7
415;996;8
415;997;8
415;1239;8
415;1240;8
415;1363;9
415;1364;8
415;1365;8
415;1366;8
415;1367;8
415;1482;8
415;1505;7
415;1506;7
415;1887;8
416;30;6
416;20;8
416;15;9
416;61;8
416;121;8
416;150;9
416;223;9
416;225;8
416;249;7
416;269;8
416;270;8
416;356;9
416;482;9
416;550;8
416;777;9
416;813;8
416;857;8
416;894;7
416;895;8
416;896;7
416;897;7
416;898;8
416;899;7
416;900;8
416;901;9
416;902;7
416;903;8
416;904;7
416;905;8
416;906;8
416;935;8
416;1195;8
416;1482;9
416;1535;9
416;1575;10
416;1604;9
416;1723;8
416;1818;8
416;1840;8
417;20;3
417;223;9
417;317;9
417;392;10
417;417;8
417;527;10
417;528;10
417;813;7
417;876;10
417;1117;9
417;1253;10
417;1254;9
417;1257;10
417;1575;10
418;20;10
418;58;8
418;60;8
418;61;9
418;71;8
418;72;9
418;73;9
418;79;8
418;101;8
418;154;8
418;226;10
418;249;10
418;376;9
418;382;8
418;390;10
418;392;9
418;431;8
418;481;9
418;482;9
418;527;10
418;534;9
418;535;9
418;587;9
418;713;7
418;819;8
418;867;8
418;868;8
418;891;9
418;1015;8
418;1121;9
418;1171;9
418;1195;9
418;1535;10
418;1564;9
418;1639;2
418;1699;10
418;1726;7
418;1779;7
418;1840;8
419;20;8
419;24;10
419;121;10
419;226;10
419;270;7
419;357;7
419;430;8
419;777;9
419;846;10
419;861;7
419;934;10
419;1292;7
419;1575;10
419;1889;10
420;45;6
420;6;7
420;31;7
420;1;8
420;30;9
420;32;9
420;68;8
420;96;7
420;121;7
420;199;8
420;205;9
420;227;7
420;232;6
420;237;8
420;239;4
420;240;8
420;249;6
420;323;9
420;356;5
420;400;5
420;430;6
420;431;6
420;523;7
420;527;8
420;530;8
420;538;8
420;550;7
420;696;8
420;790;10
420;934;8
420;1535;9
420;1726;3
420;1813;7
420;1887;7
420;1889;9
420;1943;8
421;20;10
421;228;8
421;270;8
421;591;6
421;777;9
421;849;7
421;886;6
421;889;7
421;934;8
421;1195;5
421;1519;7
421;1530;9
421;1535;9
421;1575;10
421;1594;9
421;1887;7
422;102;8
422;249;9
422;449;8
422;450;10
422;451;9
422;452;10
422;470;7
423;71;9
423;72;9
423;121;10
423;226;9
423;227;7
423;430;8
423;853;9
423;1570;8
424;228;6
424;861;10
424;877;10
424;1535;9
424;1594;7
425;154;7
425;1050;10
425;1535;9
426;20;8
426;442;8
427;25;7
427;20;8
427;121;6
427;154;8
427;223;8
427;225;6
427;226;6
427;269;8
427;430;8
427;762;7
427;813;7
427;1535;9
427;1575;9
427;1604;7
427;1686;7
428;22;7
428;1;9
428;16;9
428;61;7
428;71;7
428;73;7
428;135;7
428;153;8
428;164;10
428;173;8
428;199;10
428;205;10
428;269;9
428;431;10
428;457;9
428;486;5
428;489;9
428;512;8
428;513;9
428;523;9
428;572;9
428;578;9
428;849;9
428;850;7
428;853;10
428;861;9
428;907;9
428;957;9
428;995;8
428;1142;8
428;1195;7
428;1557;8
428;1571;9
428;1575;8
428;1606;9
428;1698;10
428;1726;10
428;1818;8
428;1827;10
428;1914;8
430;102;9
430;199;10
430;1699;9
431;6;9
431;57;9
431;121;9
431;263;8
431;269;9
431;889;10
431;1575;10
431;1581;6
431;1604;8
431;1686;10
432;20;6
432;1535;7
432;1689;6
433;1195;7
433;1210;10
433;1535;8
433;1575;8
433;1840;7
434;20;7
434;45;7
434;53;6
434;101;5
434;120;7
434;123;8
434;144;6
434;223;9
434;225;7
434;249;9
434;325;8
434;394;6
434;527;8
434;530;8
434;813;10
434;877;6
434;1530;7
434;1535;8
434;1575;9
434;1689;7
434;1691;8
435;20;8
435;19;9
435;30;9
435;43;9
435;93;9
435;134;8
435;223;8
435;225;8
435;226;8
435;269;8
435;467;9
435;552;8
435;777;9
435;790;9
435;801;9
435;813;8
435;889;8
435;934;9
435;1210;9
435;1519;7
435;1535;10
435;1575;10
435;1690;7
435;1818;8
435;1889;9
436;31;7
436;43;7
436;30;9
436;32;9
436;44;9
436;50;9
436;59;10
436;66;10
436;99;9
436;104;10
436;120;9
436;123;10
436;145;8
436;157;9
436;164;9
436;189;9
436;190;9
436;191;9
436;192;9
436;199;10
436;205;9
436;228;8
436;247;8
436;249;9
436;379;9
436;380;10
436;381;10
436;387;8
436;401;9
436;415;6
436;416;8
436;431;10
436;449;9
436;450;9
436;451;9
436;488;9
436;493;7
436;512;10
436;513;9
436;523;10
436;530;9
436;572;9
436;573;9
436;578;10
436;585;8
436;597;10
436;600;4
436;647;6
436;650;7
436;659;10
436;696;8
436;732;9
436;813;9
436;849;9
436;853;9
436;857;7
436;957;10
436;963;9
436;1007;9
436;1008;9
436;1011;9
436;1029;8
436;1030;7
436;1037;5
436;1045;9
436;1191;9
436;1195;8
436;1232;7
436;1430;7
436;1498;10
436;1546;8
436;1562;9
436;1579;9
436;1593;10
436;1609;8
436;1829;8
436;1838;9
436;1840;8
436;1887;10
436;1905;6
436;1914;10
438;24;7
438;43;7
438;228;7
438;433;7
438;437;8
438;468;7
438;779;9
438;780;7
438;781;9
438;846;7
438;849;7
438;1210;8
438;1363;8
438;1364;10
438;1365;10
438;1366;9
438;1367;9
438;1505;9
438;1506;10
438;1689;8
438;1723;8
439;6;10
439;51;6
439;59;6
439;64;7
439;65;7
439;121;8
439;123;7
439;124;7
439;164;9
439;169;7
439;199;8
439;206;7
439;223;7
439;225;6
439;227;2
439;245;6
439;270;6
439;317;8
439;330;9
439;356;9
439;380;4
439;381;5
439;430;7
439;431;10
439;513;8
439;534;7
439;535;7
439;537;4
439;572;7
439;578;6
439;596;8
439;690;8
439;762;7
439;777;8
439;813;8
439;834;7
439;884;6
439;889;9
439;908;7
439;918;10
439;1016;5
439;1037;6
439;1117;7
439;1120;6
439;1121;6
439;1140;5
439;1292;5
439;1361;7
439;1384;7
439;1519;9
439;1535;9
439;1576;9
439;1686;7
439;1689;7
439;1696;7
439;1709;6
439;1719;8
439;1726;7
439;1818;8
439;1827;8
440;120;8
440;121;8
440;150;10
440;226;7
440;405;6
440;430;8
440;853;6
440;1482;8
440;1535;10
440;1699;10
440;1726;7
441;1;9
441;30;9
441;32;9
441;33;9
441;121;8
441;199;9
441;226;10
441;227;8
441;376;10
441;481;6
441;482;5
441;550;7
441;790;8
441;1535;10
441;1575;9
442;30;9
442;1535;10
443;1639;10
444;144;6
444;356;6
444;357;9
444;934;8
444;1195;9
444;1222;6
444;1535;9
444;1575;7
444;1689;5
444;1840;9
444;1889;8
445;20;7
445;1;9
445;30;10
445;32;10
445;44;10
445;66;7
445;81;9
445;90;7
445;121;10
445;164;9
445;199;9
445;205;9
445;226;7
445;263;10
445;270;7
445;777;8
445;813;8
445;853;9
445;889;8
445;918;9
445;934;8
445;1519;8
445;1535;9
445;1575;10
445;1889;7
446;5;8
446;27;8
446;48;8
446;1;9
446;6;9
446;26;9
446;33;9
446;43;9
446;19;10
446;50;10
446;56;6
446;60;9
446;61;8
446;79;9
446;93;10
446;94;10
446;97;8
446;98;7
446;99;6
446;101;7
446;109;5
446;121;9
446;123;8
446;125;6
446;134;8
446;143;7
446;150;7
446;153;9
446;164;8
446;165;9
446;167;9
446;169;7
446;177;9
446;180;8
446;181;8
446;193;7
446;202;10
446;204;4
446;205;7
446;207;10
446;225;10
446;226;7
446;228;9
446;246;9
446;256;9
446;257;7
446;268;9
446;270;6
446;272;9
446;298;4
446;299;5
446;355;7
446;356;8
446;357;10
446;382;8
446;384;6
446;389;6
446;390;9
446;395;7
446;405;3
446;413;10
446;430;7
446;432;8
446;438;4
446;447;8
446;454;5
446;457;8
446;468;9
446;469;5
446;479;7
446;534;8
446;535;8
446;550;7
446;581;7
446;586;7
446;587;9
446;617;8
446;637;7
446;710;5
446;777;7
446;790;9
446;813;8
446;849;10
446;853;7
446;856;10
446;861;8
446;866;6
446;867;7
446;868;6
446;869;6
446;873;7
446;880;8
446;884;9
446;889;7
446;916;6
446;934;7
446;935;8
446;953;7
446;969;9
446;1003;8
446;1026;6
446;1140;9
446;1143;4
446;1171;6
446;1172;8
446;1195;7
446;1241;7
446;1246;7
446;1276;7
446;1277;7
446;1487;5
446;1498;6
446;1519;6
446;1530;8
446;1535;9
446;1543;7
446;1557;7
446;1559;9
446;1563;7
446;1575;9
446;1576;8
446;1609;7
446;1640;3
446;1689;9
446;1691;6
446;1699;9
446;1723;8
446;1726;6
446;1727;6
446;1818;6
446;1827;7
446;1840;8
446;1847;4
446;1860;3
446;1868;2
446;1889;10
446;1894;8
446;1956;8
446;1994;4
447;16;8
447;15;9
447;60;9
447;68;8
447;71;5
447;74;8
447;101;3
447;102;7
447;109;8
447;120;7
447;121;7
447;122;7
447;136;8
447;150;10
447;154;9
447;199;10
447;202;9
447;232;8
447;233;7
447;237;9
447;246;7
447;258;8
447;298;5
447;371;7
447;372;9
447;387;8
447;405;9
447;476;8
447;523;8
447;578;10
447;587;2
447;713;3
447;762;5
447;779;7
447;780;6
447;853;9
447;857;6
447;1132;6
447;1174;8
447;1250;5
447;1281;8
447;1363;7
447;1364;8
447;1366;7
447;1367;6
447;1482;8
447;1506;7
447;1536;7
447;1571;9
447;1576;10
447;1579;4
447;1689;6
447;1696;7
447;1946;8
448;185;10
448;512;8
448;523;6
448;530;7
448;740;7
448;853;7
448;1121;6
448;1887;8
449;19;9
449;226;7
449;1535;9
449;1575;9
450;30;10
450;31;10
450;32;10
450;157;9
450;191;9
450;849;10
450;963;8
450;1546;8
451;20;10
451;24;10
451;61;9
451;74;8
451;178;8
451;199;10
451;317;8
451;334;10
451;415;10
451;431;10
451;442;9
451;488;9
451;512;10
451;513;10
451;523;10
451;528;9
451;572;10
451;578;10
451;597;9
451;846;10
451;1533;10
451;1852;8
453;164;6
453;199;10
453;226;9
453;431;6
453;512;10
453;513;8
453;523;10
453;572;7
453;578;10
453;597;5
453;916;5
453;1535;10
454;431;9
454;570;8
454;934;9
454;1689;9
455;31;6
455;16;8
455;24;10
455;30;10
455;32;10
455;57;9
455;59;9
455;64;8
455;65;8
455;101;5
455;120;8
455;121;10
455;149;2
455;164;7
455;177;7
455;199;8
455;227;4
455;232;6
455;237;7
455;240;7
455;243;5
455;308;10
455;322;7
455;326;4
455;339;10
455;415;9
455;416;7
455;430;7
455;431;9
455;433;7
455;437;9
455;457;8
455;507;5
455;512;8
455;514;6
455;517;10
455;523;10
455;527;7
455;528;8
455;530;7
455;532;7
455;572;7
455;578;8
455;587;6
455;596;9
455;597;7
455;601;7
455;667;8
455;740;7
455;770;7
455;793;8
455;807;7
455;819;1
455;846;9
455;849;6
455;853;8
455;861;8
455;877;9
455;932;4
455;934;8
455;969;7
455;982;4
455;996;7
455;1030;8
455;1033;9
455;1047;7
455;1051;6
455;1117;7
455;1142;8
455;1192;6
455;1205;6
455;1210;8
455;1239;7
455;1496;4
455;1530;9
455;1535;8
455;1564;7
455;1571;8
455;1575;8
455;1604;7
455;1681;8
455;1698;8
455;1719;8
455;1813;7
455;1818;7
455;1829;7
455;1887;6
455;1889;7
455;1943;8
456;226;9
456;853;9
457;1575;9
458;20;7
458;49;9
458;64;9
458;65;10
458;226;9
458;269;10
458;304;10
458;854;7
458;1535;10
458;1686;9
458;1689;9
458;1818;10
459;153;10
459;164;10
459;199;9
459;245;8
459;315;7
459;356;8
459;416;7
459;431;10
459;512;7
459;513;6
459;523;7
459;572;9
459;597;6
459;857;9
459;1250;7
459;1482;8
459;1535;10
459;1575;10
459;1691;8
460;15;7
460;17;7
460;25;7
460;33;7
460;45;7
460;1;8
460;6;8
460;20;8
460;55;7
460;58;4
460;60;6
460;68;7
460;71;8
460;72;8
460;73;8
460;75;7
460;80;7
460;85;8
460;86;8
460;89;8
460;90;7
460;92;8
460;93;8
460;94;8
460;95;8
460;96;7
460;102;8
460;107;8
460;121;9
460;127;7
460;132;10
460;150;8
460;159;7
460;165;7
460;168;8
460;174;6
460;175;6
460;177;7
460;205;8
460;223;8
460;225;8
460;226;7
460;228;8
460;232;7
460;236;7
460;237;5
460;238;7
460;245;8
460;246;7
460;247;7
460;249;8
460;251;7
460;257;6
460;261;7
460;262;8
460;263;9
460;267;9
460;269;8
460;270;6
460;286;7
460;288;7
460;296;7
460;317;8
460;355;7
460;356;8
460;369;8
460;377;8
460;384;4
460;385;7
460;388;7
460;392;8
460;395;4
460;407;8
460;411;7
460;419;3
460;426;6
460;442;7
460;469;6
460;478;7
460;479;7
460;481;7
460;482;8
460;550;8
460;552;7
460;558;8
460;579;7
460;627;8
460;762;7
460;813;8
460;832;8
460;833;7
460;834;8
460;845;8
460;857;6
460;859;6
460;873;6
460;874;7
460;878;8
460;918;10
460;936;7
460;967;8
460;969;7
460;998;7
460;1005;8
460;1067;8
460;1086;9
460;1120;7
460;1132;7
460;1149;7
460;1157;7
460;1194;7
460;1195;6
460;1250;8
460;1276;7
460;1277;6
460;1313;7
460;1356;8
460;1482;8
460;1492;7
460;1493;8
460;1498;7
460;1500;7
460;1535;8
460;1536;8
460;1538;7
460;1557;7
460;1559;7
460;1570;6
460;1571;8
460;1575;8
460;1594;8
460;1603;7
460;1604;9
460;1606;8
460;1614;7
460;1628;7
460;1668;7
460;1669;7
460;1674;7
460;1686;7
460;1691;7
460;1693;7
460;1818;6
460;1840;6
460;1842;8
460;1985;7
461;30;8
461;6;9
461;16;9
461;79;7
461;81;8
461;93;8
461;121;8
461;205;8
461;225;5
461;226;7
461;227;8
461;263;9
461;265;9
461;390;8
461;392;7
461;527;6
461;558;9
461;627;7
461;634;7
461;777;8
461;813;8
461;853;9
461;857;8
461;874;7
461;934;9
461;1142;9
461;1210;10
461;1482;9
461;1530;7
461;1575;8
461;1689;8
461;1818;8
461;1842;10
461;1889;9
462;43;8
462;59;7
462;64;7
462;109;5
462;134;8
462;226;10
462;268;9
462;320;9
462;339;7
462;357;8
462;376;10
462;570;7
462;587;7
462;651;6
462;790;9
462;849;8
462;889;9
462;934;9
462;1004;7
462;1210;7
462;1519;9
462;1535;10
462;1818;10
462;1889;9
462;1995;7
463;16;6
463;24;8
463;20;9
463;68;8
463;102;8
463;120;7
463;164;10
463;170;10
463;199;10
463;205;8
463;243;8
463;245;10
463;269;9
463;325;7
463;330;7
463;390;8
463;431;10
463;512;9
463;523;10
463;572;10
463;597;10
463;741;7
463;790;8
463;846;8
463;853;7
463;1029;9
463;1195;8
463;1210;10
463;1535;10
463;1559;9
463;1698;8
464;853;9
465;223;10
465;226;8
465;431;9
465;521;7
465;687;7
465;721;7
465;813;10
465;1110;7
466;1;8
466;59;6
466;60;7
466;63;6
466;66;7
466;68;7
466;150;7
466;269;8
466;288;7
466;762;6
466;834;6
466;857;9
466;889;8
466;1482;10
466;1498;5
466;1535;8
466;1575;7
466;1668;6
466;1669;7
466;1674;7
466;1686;7
466;1818;7
468;226;9
468;1195;9
468;1840;9
469;47;6
469;20;9
469;44;10
469;67;8
469;134;10
469;174;8
469;199;9
469;205;8
469;226;9
469;227;9
469;317;9
469;320;7
469;356;7
469;431;9
469;442;9
469;543;8
469;777;9
469;790;8
469;936;7
469;1292;9
469;1575;10
469;1689;8
469;1829;9
469;1889;6
471;20;6
471;226;6
471;269;7
471;934;6
471;1604;9
473;223;7
473;225;5
473;530;8
473;532;9
473;740;8
473;813;8
473;996;8
473;1239;7
473;1535;10
473;1818;9
475;24;7
475;45;7
475;68;7
475;100;8
475;102;7
475;104;8
475;106;7
475;120;7
475;145;6
475;154;8
475;178;6
475;205;7
475;226;6
475;269;6
475;322;7
475;334;7
475;356;7
475;790;7
475;846;6
475;853;7
475;877;9
475;1222;6
475;1482;9
475;1536;7
475;1562;8
475;1575;8
475;1578;7
475;1689;7
475;1810;8
475;1838;6
475;1974;8
478;16;8
478;20;9
478;30;9
478;52;9
478;64;9
478;65;9
478;68;8
478;76;9
478;77;9
478;98;9
478;99;9
478;101;9
478;102;8
478;121;9
478;142;8
478;152;9
478;154;7
478;164;10
478;177;8
478;199;10
478;202;8
478;223;9
478;225;9
478;226;9
478;227;8
478;232;8
478;237;9
478;269;9
478;274;9
478;298;8
478;343;8
478;350;7
478;351;8
478;352;7
478;355;9
478;371;8
478;372;8
478;384;8
478;395;9
478;412;8
478;416;9
478;430;9
478;431;9
478;433;9
478;442;9
478;469;8
478;481;7
478;488;9
478;489;9
478;512;9
478;513;9
478;523;9
478;528;8
478;550;7
478;552;9
478;572;9
478;578;9
478;585;8
478;587;8
478;597;9
478;710;9
478;743;8
478;779;9
478;780;9
478;781;9
478;812;8
478;813;9
478;849;9
478;859;7
478;874;9
478;935;9
478;936;8
478;969;8
478;1029;9
478;1030;8
478;1117;8
478;1118;8
478;1119;8
478;1120;8
478;1121;8
478;1122;8
478;1132;9
478;1140;9
478;1142;8
478;1195;9
478;1214;8
478;1219;8
478;1222;10
478;1230;8
478;1313;8
478;1363;9
478;1364;9
478;1365;9
478;1366;9
478;1367;9
478;1456;8
478;1469;8
478;1480;8
478;1505;9
478;1506;9
478;1526;8
478;1530;9
478;1531;8
478;1535;9
478;1607;8
478;1609;8
478;1681;8
478;1686;8
478;1689;10
478;1699;8
478;1710;8
478;1815;9
478;1827;8
478;1829;8
478;1840;8
478;1847;9
478;1852;8
478;1888;9
478;1894;8
478;1915;9
478;1943;9
479;20;7
479;45;7
479;269;10
479;527;7
479;552;5
479;762;6
479;777;8
479;834;6
479;1535;9
479;1564;6
479;1575;9
479;1685;7
479;1686;7
480;269;10
481;143;9
481;154;7
481;199;10
481;202;10
481;226;9
481;356;8
481;408;10
481;1023;10
481;1352;8
481;1535;10
481;1726;9
482;28;8
482;71;7
482;226;7
482;756;5
482;1535;10
482;1575;10
483;19;9
483;889;9
483;1519;8
483;1535;10
483;1559;8
484;74;9
485;20;9
485;104;4
485;121;7
485;123;5
485;136;8
485;149;3
485;170;9
485;199;10
485;210;9
485;232;6
485;245;5
485;268;2
485;366;2
485;372;6
485;431;8
485;534;8
485;535;9
485;853;10
485;1171;8
485;1172;8
485;1482;9
485;1535;8
485;1562;6
485;1575;8
486;225;7
486;269;8
486;384;9
486;481;8
486;527;6
486;1726;8
487;45;9
487;121;10
487;150;10
487;226;8
487;918;10
487;1535;10
487;1575;10
488;30;6
488;32;8
488;93;8
488;94;5
488;97;7
488;227;8
488;228;8
488;249;7
488;257;5
488;269;5
488;392;8
488;411;5
488;567;7
488;667;4
488;813;8
488;849;8
488;1535;7
488;1594;6
488;1887;9
488;1956;6
489;20;6
489;47;8
489;6;9
489;1;10
489;57;10
489;164;8
489;205;9
489;245;10
489;527;8
489;528;7
489;543;9
489;565;6
489;578;9
489;732;7
489;759;9
489;813;8
489;889;9
489;906;7
489;1117;9
489;1119;6
489;1140;7
489;1519;8
489;1526;6
489;1535;7
490;1;9
490;164;10
490;199;10
490;227;10
490;431;7
490;512;9
490;523;10
490;597;7
490;759;7
490;1943;7
492;6;5
492;20;5
492;1;9
492;27;9
492;63;4
492;68;5
492;71;5
492;73;5
492;90;6
492;121;6
492;205;5
492;226;6
492;227;7
492;269;6
492;270;7
492;355;6
492;356;6
492;457;8
492;777;7
492;790;6
492;813;10
492;861;6
492;1482;3
492;1498;6
492;1535;9
492;1536;5
492;1575;7
492;1691;9
494;20;7
494;33;7
494;1;9
494;30;9
494;223;8
494;326;6
494;431;7
494;486;8
494;543;8
494;550;7
494;552;7
494;789;6
494;813;8
494;1222;6
494;1292;7
494;1535;8
494;1689;6
494;1698;7
494;1726;6
495;20;7
495;24;8
495;79;8
495;121;6
495;241;6
495;249;5
495;357;4
495;366;2
495;412;5
495;487;6
495;527;3
495;853;8
495;953;4
495;1535;7
495;1691;6
496;227;9
496;357;6
496;430;9
496;481;8
496;482;8
496;527;9
496;528;9
496;552;8
496;874;9
496;1117;8
496;1118;8
496;1119;9
496;1120;7
496;1121;7
496;1122;7
496;1313;8
496;1526;7
496;1535;7
496;1564;7
496;1604;10
496;1709;8
496;1887;7
496;1894;7
497;6;7
497;20;7
497;45;7
497;47;7
497;1;9
497;58;9
497;80;7
497;81;7
497;82;8
497;84;4
497;85;5
497;87;6
497;90;10
497;91;10
497;93;8
497;94;8
497;96;7
497;121;9
497;154;6
497;164;6
497;195;6
497;199;10
497;223;10
497;225;1
497;226;10
497;227;5
497;241;6
497;250;7
497;317;10
497;368;7
497;392;8
497;430;8
497;442;5
497;443;7
497;481;9
497;482;10
497;487;7
497;508;8
497;527;10
497;528;9
497;530;6
497;552;8
497;764;9
497;777;10
497;790;6
497;813;10
497;864;4
497;874;7
497;889;9
497;894;6
497;895;6
497;896;3
497;897;1
497;898;8
497;899;9
497;900;8
497;901;10
497;902;8
497;903;7
497;904;4
497;905;10
497;906;8
497;927;7
497;928;7
497;985;9
497;986;10
497;1117;9
497;1118;8
497;1119;7
497;1120;5
497;1121;7
497;1122;8
497;1132;8
497;1137;7
497;1138;7
497;1195;7
497;1212;5
497;1215;6
497;1241;8
497;1313;9
497;1519;10
497;1526;5
497;1564;6
497;1675;9
497;1707;7
497;1710;8
497;1840;8
500;16;9
500;59;7
500;120;7
500;125;7
500;133;7
500;196;7
500;199;9
500;240;8
500;241;7
500;248;7
500;355;7
500;356;6
500;433;10
500;457;9
500;477;8
500;487;7
500;644;8
500;789;6
500;849;9
500;853;8
500;962;7
500;1142;10
500;1195;7
500;1210;10
500;1535;9
500;1689;10
500;1813;8
500;1840;7
